probe_id,probe_alias
3913Hu5,AT00|3913_HU05
SA01AB0179447MSV,AT00|SA01AB0179447MSV
SA01AB0180565MSV,AT00|SA01AB0180565MSV
SA01AB0186203MSV,AT00|SA01AB0186203MSV
SA01AB0193955MSV,AT00|SA01AB0193955MSV
SA01AB0201470MSV,AT00|SA01AB0201470MSV
SA01AB0176453MSV,AT00|SA01AB0176453MSV
SA01AB0184233MSV,AT00|SA01AB0184233MSV
SA01AB0187222MSV,AT00|SA01AB0187222MSV
SA01AB0188093MSV,AT00|SA01AB0188093MSV
SA01AB0188364MSV,AT00|SA01AB0188364MSV
SA01AB0174565MSV,AT00|SA01AB0174565MSV
SA01AB0181435MSV,AT00|SA01AB0181435MSV
SA01AB0195125MSV,AT00|SA01AB0195125MSV
SA01AB0199486MSV,AT00|SA01AB0199486MSV
SA01AB0185472MSV,AT00|SA01AB0185472MSV
SA01AB0178324MSV,AT00|SA01AB0178324MSV
SA01AB0193205MSV,AT00|SA01AB0193205MSV
SA01AB0188787MSV,AT00|SA01AB0188787MSV
SA01AB0184732MSV,AT00|SA01AB0184732MSV
SA01AB0197290MSV,AT00|SA01AB0197290MSV
SA01AB0201443MSV,AT00|SA01AB0201443MSV
SA01AB0197978MSV,AT00|SA01AB0197978MSV
SA01AB0186985MSV,AT00|SA01AB0186985MSV
SA01AB0182991MSV,AT00|SA01AB0182991MSV
SA01AB0194557MSV,AT00|SA01AB0194557MSV
SA01AB0188934MSV,AT00|SA01AB0188934MSV
SA01AB0174055MSV,AT00|SA01AB0174055MSV
SA01AB0188773MSV,AT00|SA01AB0188773MSV
SA01AB0200184MSV,AT00|SA01AB0200184MSV
SA01AB0175276MSV,AT00|SA01AB0175276MSV
SA01AB0175532MSV,AT00|SA01AB0175532MSV
SA01AB0186862MSV,AT00|SA01AB0186862MSV
SA01AB0185690MSV,AT00|SA01AB0185690MSV
SA01AB0177100MSV,AT00|SA01AB0177100MSV
SA01AB0182460MSV,AT00|SA01AB0182460MSV
SA01AB0183880MSV,AT00|SA01AB0183880MSV
SA01AB0195688MSV,AT00|SA01AB0195688MSV
SA01AB0201256MSV,AT00|SA01AB0201256MSV
SA01AB0199583MSV,AT00|SA01AB0199583MSV
SA01AB0191650MSV,AT00|SA01AB0191650MSV
SA01AB0189488MSV,AT00|SA01AB0189488MSV
SA01AB0195105MSV,AT00|SA01AB0195105MSV
SA01AB0196865MSV,AT00|SA01AB0196865MSV
SA01AB0176172MSV,AT00|SA01AB0176172MSV
SA01AB0187368MSV,AT00|SA01AB0187368MSV
SA01AB0188298MSV,AT00|SA01AB0188298MSV
SA01AB0198106MSV,AT00|SA01AB0198106MSV
SA01AB0191431MSV,AT00|SA01AB0191431MSV
SA01AB0200888MSV,AT00|SA01AB0200888MSV
SA01AB0189423MSV,AT00|SA01AB0189423MSV
SA01AB0192618MSV,AT00|SA01AB0192618MSV
SA01AB0174635MSV,AT00|SA01AB0174635MSV
SA01AB0183913MSV,AT00|SA01AB0183913MSV
SA01AB0198847MSV,AT00|SA01AB0198847MSV
SA01AB0194320MSV,AT00|SA01AB0194320MSV
SA01AB0190650MSV,AT00|SA01AB0190650MSV
SA01AB0184577MSV,AT00|SA01AB0184577MSV
SA01AB0200719MSV,AT00|SA01AB0200719MSV
SA01AB0176217MSV,AT00|SA01AB0176217MSV
SA01AB0192012MSV,AT00|SA01AB0192012MSV
SA01AB0198388MSV,AT00|SA01AB0198388MSV
SA01AB0186769MSV,AT00|SA01AB0186769MSV
SA01AB0178778MSV,AT00|SA01AB0178778MSV
SA01AB0177340MSV,AT00|SA01AB0177340MSV
SA01AB0174000MSV,AT00|SA01AB0174000MSV
SA01AB0174912MSV,AT00|SA01AB0174912MSV
SA01AB0185459MSV,AT00|SA01AB0185459MSV
SA01AB0176229MSV,AT00|SA01AB0176229MSV
SA01AB0192761MSV,AT00|SA01AB0192761MSV
SA01AB0200182MSV,AT00|SA01AB0200182MSV
SA01AB0195413MSV,AT00|SA01AB0195413MSV
SA01AB0197210MSV,AT00|SA01AB0197210MSV
SA01AB0197286MSV,AT00|SA01AB0197286MSV
SA01AB0201511MSV,AT00|SA01AB0201511MSV
SA01AB0199641MSV,AT00|SA01AB0199641MSV
SA01AB0185143MSV,AT00|SA01AB0185143MSV
SAE1AB0182991MSV,AT00|SAE1AB0182991MSV
SA01AB0130645MSV,AT00|SA01AB0130645MSV
SA01AB0037750MSV,AT00|SA01AB0037750MSV
SA01AB0077035MSV,AT00|SA01AB0077035MSV
SA01AB0182573MSV,AT00|SA01AB0182573MSV
SA01AB0198657MSV,AT00|SA01AB0198657MSV
SA01AB0178223MSV,AT00|SA01AB0178223MSV
SA01AB0178718MSV,AT00|SA01AB0178718MSV
SA01AB0182941MSV,AT00|SA01AB0182941MSV
SA01AB0192462MSV,AT00|SA01AB0192462MSV
SA01AB0202012MSV,AT00|SA01AB0202012MSV
SA01AB0190481MSV,AT00|SA01AB0190481MSV
SA01AB0199795MSV,AT00|SA01AB0199795MSV
SA01AB0190124MSV,AT00|SA01AB0190124MSV
SA01AB0188675MSV,AT00|SA01AB0188675MSV
SA01AB0197095MSV,AT00|SA01AB0197095MSV
SA01AB0198450MSV,AT00|SA01AB0198450MSV
SA01AB0181500MSV,AT00|SA01AB0181500MSV
SA01AB0199571MSV,AT00|SA01AB0199571MSV
SA01AB0181480MSV,AT00|SA01AB0181480MSV
SA01AB0196771MSV,AT00|SA01AB0196771MSV
SA01AB0185404MSV,AT00|SA01AB0185404MSV
SA01AB0177483MSV,AT00|SA01AB0177483MSV
SA01AB0193328MSV,AT00|SA01AB0193328MSV
SA01AB0184518MSV,AT00|SA01AB0184518MSV
SA01AB0174543MSV,AT00|SA01AB0174543MSV
SA01AB0180388MSV,AT00|SA01AB0180388MSV
SA01AB0194197MSV,AT00|SA01AB0194197MSV
SA01AB0183221MSV,AT00|SA01AB0183221MSV
SA01AB0175326MSV,AT00|SA01AB0175326MSV
SA01AB0176028MSV,AT00|SA01AB0176028MSV
SA01AB0175551MSV,AT00|SA01AB0175551MSV
SA01AB0189272MSV,AT00|SA01AB0189272MSV
SA01AB0174533MSV,AT00|SA01AB0174533MSV
SA01AB0190150MSV,AT00|SA01AB0190150MSV
SA01AB0175866MSV,AT00|SA01AB0175866MSV
SA01AB0183352MSV,AT00|SA01AB0183352MSV
SA01AB0174987MSV,AT00|SA01AB0174987MSV
SA01AB0182226MSV,AT00|SA01AB0182226MSV
SA01AB0193034MSV,AT00|SA01AB0193034MSV
SA01AB0185706MSV,AT00|SA01AB0185706MSV
SA01AB0198508MSV,AT00|SA01AB0198508MSV
SA01AB0185476MSV,AT00|SA01AB0185476MSV
SA01AB0188678MSV,AT00|SA01AB0188678MSV
SA01AB0178609MSV,AT00|SA01AB0178609MSV
SA01AB0188867MSV,AT00|SA01AB0188867MSV
SA01AB0192849MSV,AT00|SA01AB0192849MSV
SA01AB0194664MSV,AT00|SA01AB0194664MSV
SA01AB0183369MSV,AT00|SA01AB0183369MSV
SA01AB0198462MSV,AT00|SA01AB0198462MSV
SA01AB0199893MSV,AT00|SA01AB0199893MSV
SA01AB0177374MSV,AT00|SA01AB0177374MSV
SA01AB0186068MSV,AT00|SA01AB0186068MSV
SA01AB0174981MSV,AT00|SA01AB0174981MSV
SA01AB0191919MSV,AT00|SA01AB0191919MSV
SA01AB0184547MSV,AT00|SA01AB0184547MSV
SA01AB0189261MSV,AT00|SA01AB0189261MSV
SA01AB0197116MSV,AT00|SA01AB0197116MSV
SA01AB0193943MSV,AT00|SA01AB0193943MSV
SA01AB0183353MSV,AT00|SA01AB0183353MSV
SA01AB0198085MSV,AT00|SA01AB0198085MSV
SA01AB0201619MSV,AT00|SA01AB0201619MSV
SA01AB0174368MSV,AT00|SA01AB0174368MSV
SA01AB0182095MSV,AT00|SA01AB0182095MSV
SA01AB0180094MSV,AT00|SA01AB0180094MSV
SA01AB0177184MSV,AT00|SA01AB0177184MSV
SA01AB0180758MSV,AT00|SA01AB0180758MSV
SA01AB0181193MSV,AT00|SA01AB0181193MSV
SA01AB0196255MSV,AT00|SA01AB0196255MSV
SA01AB0196622MSV,AT00|SA01AB0196622MSV
SA01AB0194038MSV,AT00|SA01AB0194038MSV
SA01AB0177919MSV,AT00|SA01AB0177919MSV
SA01AB0183225MSV,AT00|SA01AB0183225MSV
SA01AB0190428MSV,AT00|SA01AB0190428MSV
SA01AB0192538MSV,AT00|SA01AB0192538MSV
SA01AB0192854MSV,AT00|SA01AB0192854MSV
SA01AB0193374MSV,AT00|SA01AB0193374MSV
SA01AB0199025MSV,AT00|SA01AB0199025MSV
SA01AB0193392MSV,AT00|SA01AB0193392MSV
SA01AB0177645MSV,AT00|SA01AB0177645MSV
SA01AB0002411MSV,AT00|SA01AB0002411MSV
SA01AB0116354MSV,AT00|SA01AB0116354MSV
SA01AB0076314MSV,AT00|SA01AB0076314MSV
SA01AB0175107MSV,AT00|SA01AB0175107MSV
SA01AB0177398MSV,AT00|SA01AB0177398MSV
SA01AB0185203MSV,AT00|SA01AB0185203MSV
SA01AB0193170MSV,AT00|SA01AB0193170MSV
SA01AB0194936MSV,AT00|SA01AB0194936MSV
SA01AB0190891MSV,AT00|SA01AB0190891MSV
SA01AB0189381MSV,AT00|SA01AB0189381MSV
SA01AB0189130MSV,AT00|SA01AB0189130MSV
SA01AB0186161MSV,AT00|SA01AB0186161MSV
SA01AB0184274MSV,AT00|SA01AB0184274MSV
SA01AB0197073MSV,AT00|SA01AB0197073MSV
SA01AB0187895MSV,AT00|SA01AB0187895MSV
SA01AB0196016MSV,AT00|SA01AB0196016MSV
SA01AB0190382MSV,AT00|SA01AB0190382MSV
SA01AB0181505MSV,AT00|SA01AB0181505MSV
SA01AB0177386MSV,AT00|SA01AB0177386MSV
SA01AB0179832MSV,AT00|SA01AB0179832MSV
SA01AB0200048MSV,AT00|SA01AB0200048MSV
SA01AB0174218MSV,AT00|SA01AB0174218MSV
SA01AB0188016MSV,AT00|SA01AB0188016MSV
SA01AB0177471MSV,AT00|SA01AB0177471MSV
SA01AB0176128MSV,AT00|SA01AB0176128MSV
SA01AB0175274MSV,AT00|SA01AB0175274MSV
SA01AB0191604MSV,AT00|SA01AB0191604MSV
SA01AB0174960MSV,AT00|SA01AB0174960MSV
SA01AB0178419MSV,AT00|SA01AB0178419MSV
SA01AB0188807MSV,AT00|SA01AB0188807MSV
SA01AB0189389MSV,AT00|SA01AB0189389MSV
SA01AB0191229MSV,AT00|SA01AB0191229MSV
SA01AB0195877MSV,AT00|SA01AB0195877MSV
SA01AB0201610MSV,AT00|SA01AB0201610MSV
SA01AB0180732MSV,AT00|SA01AB0180732MSV
SA01AB0192791MSV,AT00|SA01AB0192791MSV
SA01AB0197572MSV,AT00|SA01AB0197572MSV
SA01AB0194968MSV,AT00|SA01AB0194968MSV
SA01AB0195755MSV,AT00|SA01AB0195755MSV
SA01AB0185474MSV,AT00|SA01AB0185474MSV
SA01AB0197560MSV,AT00|SA01AB0197560MSV
SA01AB0202162MSV,AT00|SA01AB0202162MSV
SAE1AB0184526MSV,AT00|SAE1AB0184526MSV
SA01AB0131227MSV,AT00|SA01AB0131227MSV
SA01AB0178380MSV,AT00|SA01AB0178380MSV
SA01AB0180335MSV,AT00|SA01AB0180335MSV
SA01AB0185975MSV,AT00|SA01AB0185975MSV
SA01AB0197340MSV,AT00|SA01AB0197340MSV
SA01AB0200089MSV,AT00|SA01AB0200089MSV
SA01AB0176569MSV,AT00|SA01AB0176569MSV
SA01AB0184662MSV,AT00|SA01AB0184662MSV
SA01AB0189900MSV,AT00|SA01AB0189900MSV
SA01AB0201863MSV,AT00|SA01AB0201863MSV
SA01AB0200323MSV,AT00|SA01AB0200323MSV
SA01AB0189014MSV,AT00|SA01AB0189014MSV
SA01AB0183935MSV,AT00|SA01AB0183935MSV
SA01AB0190552MSV,AT00|SA01AB0190552MSV
SA01AB0197594MSV,AT00|SA01AB0197594MSV
SA01AB0200252MSV,AT00|SA01AB0200252MSV
SA01AB0176799MSV,AT00|SA01AB0176799MSV
SA01AB0194056MSV,AT00|SA01AB0194056MSV
SA01AB0194544MSV,AT00|SA01AB0194544MSV
SA01AB0201288MSV,AT00|SA01AB0201288MSV
SA01AB0176094MSV,AT00|SA01AB0176094MSV
SA01AB0194205MSV,AT00|SA01AB0194205MSV
SA01AB0190000MSV,AT00|SA01AB0190000MSV
SA01AB0177586MSV,AT00|SA01AB0177586MSV
SA01AB0182648MSV,AT00|SA01AB0182648MSV
SA01AB0194903MSV,AT00|SA01AB0194903MSV
SA01AB0175441MSV,AT00|SA01AB0175441MSV
SA01AB0183871MSV,AT00|SA01AB0183871MSV
SA01AB0177493MSV,AT00|SA01AB0177493MSV
SA01AB0195300MSV,AT00|SA01AB0195300MSV
SA01AB0198187MSV,AT00|SA01AB0198187MSV
SA01AB0197550MSV,AT00|SA01AB0197550MSV
SA01AB0190002MSV,AT00|SA01AB0190002MSV
SA01AB0182963MSV,AT00|SA01AB0182963MSV
SA01AB0197410MSV,AT00|SA01AB0197410MSV
SA01AB0197586MSV,AT00|SA01AB0197586MSV
SA01AB0180185MSV,AT00|SA01AB0180185MSV
SA01AB0186297MSV,AT00|SA01AB0186297MSV
SA01AB0195557MSV,AT00|SA01AB0195557MSV
SA01AB0191129MSV,AT00|SA01AB0191129MSV
SA01AB0025315MSV,AT00|SA01AB0025315MSV
SA01AB0181189MSV,AT00|SA01AB0181189MSV
SA01AB0182975MSV,AT00|SA01AB0182975MSV
SA01AB0195816MSV,AT00|SA01AB0195816MSV
SA01AB0196435MSV,AT00|SA01AB0196435MSV
SA01AB0196665MSV,AT00|SA01AB0196665MSV
SA01AB0176739MSV,AT00|SA01AB0176739MSV
SA01AB0187897MSV,AT00|SA01AB0187897MSV
SA01AB0194725MSV,AT00|SA01AB0194725MSV
SA01AB0190425MSV,AT00|SA01AB0190425MSV
SA01AB0191762MSV,AT00|SA01AB0191762MSV
SA01AB0180494MSV,AT00|SA01AB0180494MSV
SA01AB0177895MSV,AT00|SA01AB0177895MSV
SA01AB0200067MSV,AT00|SA01AB0200067MSV
SA01AB0197948MSV,AT00|SA01AB0197948MSV
SA01AB0179227MSV,AT00|SA01AB0179227MSV
SA01AB0184318MSV,AT00|SA01AB0184318MSV
SA01AB0184526MSV,AT00|SA01AB0184526MSV
SA01AB0175207MSV,AT00|SA01AB0175207MSV
SA01AB0175095MSV,AT00|SA01AB0175095MSV
SA01AB0179790MSV,AT00|SA01AB0179790MSV
SA01AB0191666MSV,AT00|SA01AB0191666MSV
SA01AB0197621MSV,AT00|SA01AB0197621MSV
SA01AB0189464MSV,AT00|SA01AB0189464MSV
SA01AB0174788MSV,AT00|SA01AB0174788MSV
SA01AB0189478MSV,AT00|SA01AB0189478MSV
SA01AB0188608MSV,AT00|SA01AB0188608MSV
SA01AB0174193MSV,AT00|SA01AB0174193MSV
SA01AB0179274MSV,AT00|SA01AB0179274MSV
SA01AB0182333MSV,AT00|SA01AB0182333MSV
SA01AB0190143MSV,AT00|SA01AB0190143MSV
SA01AB0190494MSV,AT00|SA01AB0190494MSV
SA01AB0191901MSV,AT00|SA01AB0191901MSV
SA01AB0192231MSV,AT00|SA01AB0192231MSV
SA01AB0189924MSV,AT00|SA01AB0189924MSV
SA01AB0197568MSV,AT00|SA01AB0197568MSV
SA01AB0186693MSV,AT00|SA01AB0186693MSV
SA01AB0007189MSV,AT00|SA01AB0007189MSV
SA01AB0149953MSV,AT00|SA01AB0149953MSV
SA01AB0145116MSV,AT00|SA01AB0145116MSV
SA01AB0174089MSV,AT00|SA01AB0174089MSV
SA01AB0191537MSV,AT00|SA01AB0191537MSV
SA01AB0180354MSV,AT00|SA01AB0180354MSV
SA01AB0187996MSV,AT00|SA01AB0187996MSV
SA01AB0189777MSV,AT00|SA01AB0189777MSV
SA01AB0192233MSV,AT00|SA01AB0192233MSV
SA01AB0192832MSV,AT00|SA01AB0192832MSV
SA01AB0174308MSV,AT00|SA01AB0174308MSV
SA01AB0190952MSV,AT00|SA01AB0190952MSV
SA01AB0193000MSV,AT00|SA01AB0193000MSV
SA01AB0194161MSV,AT00|SA01AB0194161MSV
SA01AB0191740MSV,AT00|SA01AB0191740MSV
SA01AB0179530MSV,AT00|SA01AB0179530MSV
SA01AB0189249MSV,AT00|SA01AB0189249MSV
SA01AB0180204MSV,AT00|SA01AB0180204MSV
SA01AB0196713MSV,AT00|SA01AB0196713MSV
SA01AB0190177MSV,AT00|SA01AB0190177MSV
SA01AB0174716MSV,AT00|SA01AB0174716MSV
SA01AB0191826MSV,AT00|SA01AB0191826MSV
SA01AB0174485MSV,AT00|SA01AB0174485MSV
SA01AB0184549MSV,AT00|SA01AB0184549MSV
SA01AB0194799MSV,AT00|SA01AB0194799MSV
SA01AB0190863MSV,AT00|SA01AB0190863MSV
SA01AB0191039MSV,AT00|SA01AB0191039MSV
SA01AB0174579MSV,AT00|SA01AB0174579MSV
SA01AB0174862MSV,AT00|SA01AB0174862MSV
SA01AB0180690MSV,AT00|SA01AB0180690MSV
SA01AB0178839MSV,AT00|SA01AB0178839MSV
SA01AB0188892MSV,AT00|SA01AB0188892MSV
SA01AB0192825MSV,AT00|SA01AB0192825MSV
SA01AB0181063MSV,AT00|SA01AB0181063MSV
SA01AB0193501MSV,AT00|SA01AB0193501MSV
SA01AB0174387MSV,AT00|SA01AB0174387MSV
SA01AB0189307MSV,AT00|SA01AB0189307MSV
SA01AB0195389MSV,AT00|SA01AB0195389MSV
SA01AB0200651MSV,AT00|SA01AB0200651MSV
SA01AB0200832MSV,AT00|SA01AB0200832MSV
SA01AB0190210MSV,AT00|SA01AB0190210MSV
SA01AB0198876MSV,AT00|SA01AB0198876MSV
SAE1AB0186769MSV,AT00|SAE1AB0186769MSV
SA01AB0038367MSV,AT00|SA01AB0038367MSV
SA01AB0182917MSV,AT00|SA01AB0182917MSV
SA01AB0197370MSV,AT00|SA01AB0197370MSV
SA01AB0196817MSV,AT00|SA01AB0196817MSV
SA01AB0189228MSV,AT00|SA01AB0189228MSV
SA01AB0189890MSV,AT00|SA01AB0189890MSV
SA01AB0175322MSV,AT00|SA01AB0175322MSV
SA01AB0182092MSV,AT00|SA01AB0182092MSV
SA01AB0195385MSV,AT00|SA01AB0195385MSV
SA01AB0197244MSV,AT00|SA01AB0197244MSV
SA01AB0201027MSV,AT00|SA01AB0201027MSV
SA01AB0187236MSV,AT00|SA01AB0187236MSV
SA01AB0174976MSV,AT00|SA01AB0174976MSV
SA01AB0178614MSV,AT00|SA01AB0178614MSV
SA01AB0191651MSV,AT00|SA01AB0191651MSV
SA01AB0183638MSV,AT00|SA01AB0183638MSV
SA01AB0199522MSV,AT00|SA01AB0199522MSV
SA01AB0193273MSV,AT00|SA01AB0193273MSV
SA01AB0195554MSV,AT00|SA01AB0195554MSV
SA01AB0179883MSV,AT00|SA01AB0179883MSV
SA01AB0175566MSV,AT00|SA01AB0175566MSV
SA01AB0190668MSV,AT00|SA01AB0190668MSV
SA01AB0178552MSV,AT00|SA01AB0178552MSV
SA01AB0176001MSV,AT00|SA01AB0176001MSV
SA01AB0176097MSV,AT00|SA01AB0176097MSV
SA01AB0188231MSV,AT00|SA01AB0188231MSV
SA01AB0199948MSV,AT00|SA01AB0199948MSV
SA01AB0187272MSV,AT00|SA01AB0187272MSV
SA01AB0178866MSV,AT00|SA01AB0178866MSV
SA01AB0189884MSV,AT00|SA01AB0189884MSV
SA01AB0191198MSV,AT00|SA01AB0191198MSV
SA01AB0193950MSV,AT00|SA01AB0193950MSV
SA01AB0185738MSV,AT00|SA01AB0185738MSV
SA01AB0194253MSV,AT00|SA01AB0194253MSV
SA01AB0196563MSV,AT00|SA01AB0196563MSV
SA01AB0199065MSV,AT00|SA01AB0199065MSV
SA01AB0187712MSV,AT00|SA01AB0187712MSV
SA01AB0195963MSV,AT00|SA01AB0195963MSV
SA01AB0004468MSV,AT00|SA01AB0004468MSV
SA01AB0021101MSV,AT00|SA01AB0021101MSV
SA01AB0130743MSV,AT00|SA01AB0130743MSV
SA01AB0182157MSV,AT00|SA01AB0182157MSV
SA01AB0183734MSV,AT00|SA01AB0183734MSV
SA01AB0182429MSV,AT00|SA01AB0182429MSV
SA01AB0194460MSV,AT00|SA01AB0194460MSV
SA01AB0199920MSV,AT00|SA01AB0199920MSV
SA01AB0201701MSV,AT00|SA01AB0201701MSV
SA01AB0189047MSV,AT00|SA01AB0189047MSV
SA01AB0195474MSV,AT00|SA01AB0195474MSV
SA01AB0198810MSV,AT00|SA01AB0198810MSV
SA01AB0181628MSV,AT00|SA01AB0181628MSV
SA01AB0190747MSV,AT00|SA01AB0190747MSV
SA01AB0179678MSV,AT00|SA01AB0179678MSV
SA01AB0196403MSV,AT00|SA01AB0196403MSV
SA01AB0199333MSV,AT00|SA01AB0199333MSV
SA01AB0183629MSV,AT00|SA01AB0183629MSV
SA01AB0202094MSV,AT00|SA01AB0202094MSV
SA01AB0177668MSV,AT00|SA01AB0177668MSV
SA01AB0178213MSV,AT00|SA01AB0178213MSV
SA01AB0192731MSV,AT00|SA01AB0192731MSV
SA01AB0174761MSV,AT00|SA01AB0174761MSV
SA01AB0181350MSV,AT00|SA01AB0181350MSV
SA01AB0188786MSV,AT00|SA01AB0188786MSV
SA01AB0176526MSV,AT00|SA01AB0176526MSV
SA01AB0187666MSV,AT00|SA01AB0187666MSV
SA01AB0200426MSV,AT00|SA01AB0200426MSV
SA01AB0202370MSV,AT00|SA01AB0202370MSV
SA01AB0200443MSV,AT00|SA01AB0200443MSV
SA01AB0198174MSV,AT00|SA01AB0198174MSV
SA01AB0199627MSV,AT00|SA01AB0199627MSV
SA01AB0202172MSV,AT00|SA01AB0202172MSV
SA01AB0176219MSV,AT00|SA01AB0176219MSV
SA01AB0188146MSV,AT00|SA01AB0188146MSV
SA01AB0193476MSV,AT00|SA01AB0193476MSV
SA01AB0194943MSV,AT00|SA01AB0194943MSV
SA01AB0200907MSV,AT00|SA01AB0200907MSV
SA01AB0201960MSV,AT00|SA01AB0201960MSV
SA01AB0187082MSV,AT00|SA01AB0187082MSV
SA01AB0194735MSV,AT00|SA01AB0194735MSV
SA01AB0039601MSV,AT00|SA01AB0039601MSV
SA01AB0042250MSV,AT00|SA01AB0042250MSV
SA01AB0174308MSV_HU001,AT00|4308_HU01
SA01AB0174308MSV_HU002,AT00|4308_HU02
SA01AB0174308MSV_HU003,AT00|4308_HU03
SA01AB0174308MSV_HU004,AT00|4308_HU04
SA01AB0174565MSV_HU001,AT00|4565_HU01
SA01AB0174565MSV_HU002,AT00|4565_HU02
SA01AB0174565MSV_HU003,AT00|4565_HU03
SA01AB0174565MSV_HU004,AT00|4565_HU04
SA01AB0174565MSV_HU005,AT00|4565_HU05
SA01AB0174565MSV_HU006,AT00|4565_HU06
SA01AB0174565MSV_HU007,AT00|4565_HU07
SA01AB0174565MSV_HU008,AT00|4565_HU08
SA01AB0174565MSV_HU009,AT00|4565_HU09
SA01AB0174565MSV_HU010,AT00|4565_HU10
SA01AB0174565MSV_HU011,AT00|4565_HU11
SA01AB0174565MSV_HU012,AT00|4565_HU12
SA01AB0174565MSV_HU013,AT00|4565_HU13
SA01AB0174565MSV_HU014,AT00|4565_HU14
SA01AB0174565MSV_HU015,AT00|4565_HU15
SA01AB0174565MSV_HU016,AT00|4565_HU16
SA01AB0176172MSV_HU001,AT00|6172_HU01
SA01AB0176172MSV_HU002,AT00|6172_HU02
SA01AB0176453MSV_HU001,AT00|6453_HU01
SA01AB0176453MSV_HU002,AT00|6453_HU02
SA01AB0176453MSV_HU003,AT00|6453_HU03
SA01AB0176453MSV_HU004,AT00|6453_HU04
SA01AB0176453MSV_HU005,AT00|6453_HU05
SA01AB0176453MSV_HU006,AT00|6453_HU06
SA01AB0176453MSV_HU007,AT00|6453_HU07
SA01AB0176453MSV_HU008,AT00|6453_HU08
SA01AB0176739MSV_HU003,AT00|6739_HU03
SA01AB0176739MSV_HU005,AT00|6739_HU05
SA01AB0176739MSV_HU006,AT00|6739_HU06
SA01AB0176739MSV_HU007,AT00|6739_HU07
SA01AB0176739MSV_HU008,AT00|6739_HU08
SA01AB0178380MSV_HU001,AT00|8380_HU01
SA01AB0178380MSV_HU002,AT00|8380_HU02
SA01AB0178380MSV_HU003,AT00|8380_HU03
SA01AB0178380MSV_HU004,AT00|8380_HU04
SA01AB0178609MSV_HU002,AT00|8609_HU02
SA01AB0178609MSV_HU004,AT00|8609_HU04
SA01AB0178609MSV_HU009,AT00|8609_HU09
SA01AB0178609MSV_HU010,AT00|8609_HU10
SA01AB0178609MSV_HU011,AT00|8609_HU11
SA01AB0178609MSV_HU012,AT00|8609_HU12
SA01AB0178609MSV_HU013,AT00|8609_HU13
SA01AB0178609MSV_HU014,AT00|8609_HU14
SA01AB0178609MSV_HU015,AT00|8609_HU15
SA01AB0178609MSV_HU016,AT00|8609_HU16
SA01AB0178718MSV_HU007,AT00|8718_HU07
SA01AB0178718MSV_HU009,AT00|8718_HU09
SA01AB0178718MSV_HU010,AT00|8718_HU10
SA01AB0178718MSV_HU011,AT00|8718_HU11
SA01AB0178718MSV_HU012,AT00|8718_HU12
SA01AB0178718MSV_HU013,AT00|8718_HU13
SA01AB0178718MSV_HU014,AT00|8718_HU14
SA01AB0178718MSV_HU015,AT00|8718_HU15
SA01AB0178718MSV_HU016,AT00|8718_HU16
SA01AB0181435MSV_HU004,AT00|1435_HU04
SA01AB0181435MSV_HU005,AT00|1435_HU05
SA01AB0181435MSV_HU006,AT00|1435_HU06
SA01AB0181435MSV_HU007,AT00|1435_HU07
SA01AB0181435MSV_HU008,AT00|1435_HU08
SA01AB0182429MSV_HU005,AT00|2429_HU05
SA01AB0182429MSV_HU006,AT00|2429_HU06
SA01AB0182429MSV_HU007,AT00|2429_HU07
SA01AB0182429MSV_HU008,AT00|2429_HU08
SA01AB0182429MSV_HU009,AT00|2429_HU09
SA01AB0182429MSV_HU010,AT00|2429_HU10
SA01AB0182429MSV_HU011,AT00|2429_HU11
SA01AB0182429MSV_HU012,AT00|2429_HU12
SA01AB0182573MSV_HU001,AT00|2573_HU01
SA01AB0182573MSV_HU002,AT00|2573_HU02
SA01AB0182573MSV_HU003,AT00|2573_HU03
SA01AB0182573MSV_HU004,AT00|2573_HU04
SA01AB0182573MSV_HU005,AT00|2573_HU05
SA01AB0182975MSV_HU001,AT00|2975_HU01
SA01AB0182975MSV_HU002,AT00|2975_HU02
SA01AB0182975MSV_HU003,AT00|2975_HU03
SA01AB0182975MSV_HU004,AT00|2975_HU04
SA01AB0182975MSV_HU005,AT00|2975_HU05
SA01AB0182975MSV_HU006,AT00|2975_HU06
SA01AB0182975MSV_HU007,AT00|2975_HU07
SA01AB0182975MSV_HU008,AT00|2975_HU08
SA01AB0183913MSV_HU005,AT00|3913_HU05
SA01AB0183913MSV_HU007,AT00|3913_HU07
SA01AB0183913MSV_HU009,AT00|3913_HU09
SA01AB0183913MSV_HU010,AT00|3913_HU10
SA01AB0183913MSV_HU011,AT00|3913_HU11
SA01AB0183913MSV_HU012,AT00|3913_HU12
SA01AB0183913MSV_HU013,AT00|3913_HU13
SA01AB0183913MSV_HU014,AT00|3913_HU14
SA01AB0183913MSV_HU015,AT00|3913_HU15
SA01AB0183913MSV_HU016,AT00|3913_HU16
SA01AB0184233MSV_HU004,AT00|4233_HU04
SA01AB0184233MSV_HU007,AT00|4233_HU07
SA01AB0184233MSV_HU009,AT00|4233_HU09
SA01AB0184233MSV_HU010,AT00|4233_HU10
SA01AB0184233MSV_HU011,AT00|4233_HU11
SA01AB0184233MSV_HU012,AT00|4233_HU12
SA01AB0184233MSV_HU013,AT00|4233_HU13
SA01AB0184233MSV_HU014,AT00|4233_HU14
SA01AB0184233MSV_HU015,AT00|4233_HU15
SA01AB0184233MSV_HU016,AT00|4233_HU16
SA01AB0185203MSV_HU010,AT00|5203_HU10
SA01AB0185203MSV_HU014,AT00|5203_HU14
SA01AB0185203MSV_HU017,AT00|5203_HU17
SA01AB0185203MSV_HU018,AT00|5203_HU18
SA01AB0185203MSV_HU019,AT00|5203_HU19
SA01AB0185203MSV_HU020,AT00|5203_HU20
SA01AB0185203MSV_HU021,AT00|5203_HU21
SA01AB0185203MSV_HU022,AT00|5203_HU22
SA01AB0185203MSV_HU023,AT00|5203_HU23
SA01AB0185203MSV_HU024,AT00|5203_HU24
SA01AB0185203MSV_HU025,AT00|5203_HU25
SA01AB0185203MSV_HU026,AT00|5203_HU26
SA01AB0185203MSV_HU027,AT00|5203_HU27
SA01AB0185203MSV_HU028,AT00|5203_HU28
SA01AB0185203MSV_HU029,AT00|5203_HU29
SA01AB0185203MSV_HU030,AT00|5203_HU30
SA01AB0185203MSV_HU031,AT00|5203_HU31
SA01AB0185203MSV_HU032,AT00|5203_HU32
SA01AB0185975MSV_HU003,AT00|5975_HU03
SA01AB0185975MSV_HU004,AT00|5975_HU04
SA01AB0187222MSV_HU001,AT00|7222_HU01
SA01AB0187222MSV_HU002,AT00|7222_HU02
SA01AB0187222MSV_HU003,AT00|7222_HU03
SA01AB0187222MSV_HU004,AT00|7222_HU04
SA01AB0187222MSV_HU005,AT00|7222_HU05
SA01AB0187222MSV_HU006,AT00|7222_HU06
SA01AB0187222MSV_HU007,AT00|7222_HU07
SA01AB0187222MSV_HU008,AT00|7222_HU08
SA01AB0187897MSV_HU001,AT00|7897_HU01
SA01AB0187897MSV_HU002,AT00|7897_HU02
SA01AB0187897MSV_HU003,AT00|7897_HU03
SA01AB0187897MSV_HU004,AT00|7897_HU04
SA01AB0187996MSV_HU001,AT00|7996_HU01
SA01AB0187996MSV_HU002,AT00|7996_HU02
SA01AB0187996MSV_HU003,AT00|7996_HU03
SA01AB0187996MSV_HU004,AT00|7996_HU04
SA01AB0188093MSV_HU001,AT00|8093_HU01
SA01AB0188298MSV_HU001,AT00|8298_HU01
SA01AB0188298MSV_HU002,AT00|8298_HU02
SA01AB0188298MSV_HU003,AT00|8298_HU03
SA01AB0188298MSV_HU004,AT00|8298_HU04
SA01AB0189900MSV_HU001,AT00|9900_HU01
SA01AB0189900MSV_HU002,AT00|9900_HU02
SA01AB0189900MSV_HU003,AT00|9900_HU03
SA01AB0189900MSV_HU004,AT00|9900_HU04
SA01AB0191431MSV_HU004,AT00|1431_HU04
SA01AB0191431MSV_HU005,AT00|1431_HU05
SA01AB0191431MSV_HU006,AT00|1431_HU06
SA01AB0191431MSV_HU007,AT00|1431_HU07
SA01AB0191431MSV_HU008,AT00|1431_HU08
SA01AB0193000MSV_HU003,AT00|3000_HU03
SA01AB0193000MSV_HU004,AT00|3000_HU04
SA01AB0193000MSV_HU005,AT00|3000_HU05
SA01AB0193000MSV_HU006,AT00|3000_HU06
SA01AB0193000MSV_HU007,AT00|3000_HU07
SA01AB0193000MSV_HU008,AT00|3000_HU08
SA01AB0193000MSV_HU009,AT00|3000_HU09
SA01AB0193000MSV_HU010,AT00|3000_HU10
SA01AB0193000MSV_HU011,AT00|3000_HU11
SA01AB0193000MSV_HU012,AT00|3000_HU12
SA01AB0193955MSV_HU001,AT00|3955_HU01
SA01AB0193955MSV_HU002,AT00|3955_HU02
SA01AB0193955MSV_HU003,AT00|3955_HU03
SA01AB0193955MSV_HU004,AT00|3955_HU04
SA01AB0193955MSV_HU005,AT00|3955_HU05
SA01AB0193955MSV_HU006,AT00|3955_HU06
SA01AB0193955MSV_HU007,AT00|3955_HU07
SA01AB0193955MSV_HU008,AT00|3955_HU08
SA01AB0194460MSV_HU002,AT00|4460_HU02
SA01AB0194460MSV_HU003,AT00|4460_HU03
SA01AB0194460MSV_HU004,AT00|4460_HU04
SA01AB0194460MSV_HU005,AT00|4460_HU05
SA01AB0194460MSV_HU006,AT00|4460_HU06
SA01AB0194460MSV_HU007,AT00|4460_HU07
SA01AB0194460MSV_HU008,AT00|4460_HU08
SA01AB0194664MSV_HU001,AT00|4664_HU01
SA01AB0194664MSV_HU002,AT00|4664_HU02
SA01AB0194664MSV_HU003,AT00|4664_HU03
SA01AB0194664MSV_HU004,AT00|4664_HU04
SA01AB0194936MSV_HU004,AT00|4936_HU04
SA01AB0194936MSV_HU010,AT00|4936_HU10
SA01AB0194936MSV_HU013,AT00|4936_HU13
SA01AB0194936MSV_HU014,AT00|4936_HU14
SA01AB0194936MSV_HU015,AT00|4936_HU15
SA01AB0194936MSV_HU016,AT00|4936_HU16
SA01AB0194936MSV_HU017,AT00|4936_HU17
SA01AB0194936MSV_HU018,AT00|4936_HU18
SA01AB0194936MSV_HU019,AT00|4936_HU19
SA01AB0194936MSV_HU020,AT00|4936_HU20
SA01AB0194936MSV_HU021,AT00|4936_HU21
SA01AB0194936MSV_HU022,AT00|4936_HU22
SA01AB0194936MSV_HU023,AT00|4936_HU23
SA01AB0194936MSV_HU024,AT00|4936_HU24
SA01AB0197340MSV_HU001,AT00|7340_HU01
SA01AB0197340MSV_HU002,AT00|7340_HU02
SA01AB0197340MSV_HU003,AT00|7340_HU03
SA01AB0197340MSV_HU004,AT00|7340_HU04
SA01AB0197340MSV_HU005,AT00|7340_HU05
SA01AB0197340MSV_HU006,AT00|7340_HU06
SA01AB0197340MSV_HU007,AT00|7340_HU07
SA01AB0197340MSV_HU008,AT00|7340_HU08
SA01AB0182975MSV_HU005.001,AT00|2975_HU05.001
SA01AB0182975MSV_HU005.002,AT00|2975_HU05.002
SA01AB0182975MSV_HU005.003,AT00|2975_HU05.003
SA01AB0182975MSV_HU005.004,AT00|2975_HU05.004
SA01AB0182975MSV_HU005.005,AT00|2975_HU05.005
SA01AB0182975MSV_HU005.006,AT00|2975_HU05.006
SA01AB0182975MSV_HU005.007,AT00|2975_HU05.007
SA01AB0182975MSV_HU005.008,AT00|2975_HU05.008
SA01AB0182975MSV_HU005.009,AT00|2975_HU05.009
SA01AB0182975MSV_HU005.010,AT00|2975_HU05.010
SA01AB0182975MSV_HU005.011,AT00|2975_HU05.011
SA01AB0182975MSV_HU005.012,AT00|2975_HU05.012
SA01AB0182975MSV_HU005.013,AT00|2975_HU05.013
SA01AB0182975MSV_HU005.014,AT00|2975_HU05.014
SA01AB0182975MSV_HU005.015,AT00|2975_HU05.015
SA01AB0182975MSV_HU005.016,AT00|2975_HU05.016
SA01AB0182975MSV_HU005.017,AT00|2975_HU05.017
SA01AB0182975MSV_HU005.018,AT00|2975_HU05.018
SA01AB0182975MSV_HU005.019,AT00|2975_HU05.019
SA01AB0182975MSV_HU005.020,AT00|2975_HU05.020
SA01AB0182975MSV_HU005.021,AT00|2975_HU05.021
SA01AB0182975MSV_HU005.022,AT00|2975_HU05.022
SA01AB0182975MSV_HU005.023,AT00|2975_HU05.023
SA01AB0182975MSV_HU005.024,AT00|2975_HU05.024
SA01AB0182975MSV_HU005.025,AT00|2975_HU05.025
SA01AB0182975MSV_HU005.026,AT00|2975_HU05.026
SA01AB0182975MSV_HU005.027,AT00|2975_HU05.027
SA01AB0182975MSV_HU005.028,AT00|2975_HU05.028
SA01AB0182975MSV_HU005.029,AT00|2975_HU05.029
SA01AB0182975MSV_HU005.030,AT00|2975_HU05.030
SA01AB0182975MSV_HU005.031,AT00|2975_HU05.031
SA01AB0182975MSV_HU005.032,AT00|2975_HU05.032
SA01AB0182975MSV_HU005.033,AT00|2975_HU05.033
SA01AB0182975MSV_HU005.034,AT00|2975_HU05.034
SA01AB0182975MSV_HU005.035,AT00|2975_HU05.035
SA01AB0182975MSV_HU005.036,AT00|2975_HU05.036
SA01AB0182975MSV_HU005.037,AT00|2975_HU05.037
SA01AB0182975MSV_HU005.038,AT00|2975_HU05.038
SA01AB0182975MSV_HU005.039,AT00|2975_HU05.039
SA01AB0182975MSV_HU005.040,AT00|2975_HU05.040
SA01AB0182975MSV_HU005.041,AT00|2975_HU05.041
SA01AB0182975MSV_HU005.042,AT00|2975_HU05.042
SA01AB0182975MSV_HU005.043,AT00|2975_HU05.043
SA01AB0182975MSV_HU005.044,AT00|2975_HU05.044
SA01AB0182975MSV_HU005.045,AT00|2975_HU05.045
SA01AB0182975MSV_HU005.046,AT00|2975_HU05.046
SA01AB0182975MSV_HU005.047,AT00|2975_HU05.047
SA01AB0182975MSV_HU005.048,AT00|2975_HU05.048
SA01AB0193000MSV_HU005.011,AT00|3000_HU05.011
SA01AB0193000MSV_HU005.012,AT00|3000_HU05.012
SA01AB0193000MSV_HU005.013,AT00|3000_HU05.013
SA01AB0193000MSV_HU005.014,AT00|3000_HU05.014
SA01AB0193000MSV_HU005.015,AT00|3000_HU05.015
SA01AB0193000MSV_HU005.016,AT00|3000_HU05.016
SA01AB0193000MSV_HU005.017,AT00|3000_HU05.017
SA01AB0193000MSV_HU005.018,AT00|3000_HU05.018
SA01AB0193000MSV_HU005.019,AT00|3000_HU05.019
SA01AB0193000MSV_HU005.020,AT00|3000_HU05.020
SA01AB0193000MSV_HU005.021,AT00|3000_HU05.021
SA01AB0193000MSV_HU005.022,AT00|3000_HU05.022
SA01AB0193000MSV_HU005.023,AT00|3000_HU05.023
SA01AB0193000MSV_HU005.024,AT00|3000_HU05.024
SA01AB0193000MSV_HU005.025,AT00|3000_HU05.025
SA01AB0193000MSV_HU005.026,AT00|3000_HU05.026
SA01AB0193000MSV_HU005.027,AT00|3000_HU05.027
SA01AB0193000MSV_HU005.028,AT00|3000_HU05.028
SA01AB0193000MSV_HU005.029,AT00|3000_HU05.029
SA01AB0193000MSV_HU005.030,AT00|3000_HU05.030
SA01AB0193000MSV_HU005.031,AT00|3000_HU05.031
SA01AB0193000MSV_HU005.032,AT00|3000_HU05.032
SA01AB0193000MSV_HU005.033,AT00|3000_HU05.033
SA01AB0193000MSV_HU005.034,AT00|3000_HU05.034
SA01AB0193000MSV_HU005.035,AT00|3000_HU05.035
SA01AB0193000MSV_HU005.036,AT00|3000_HU05.036
SA01AB0193000MSV_HU005.037,AT00|3000_HU05.037
SA01AB0193000MSV_HU005.038,AT00|3000_HU05.038
SA01AB0193000MSV_HU005.039,AT00|3000_HU05.039
SA01AB0193000MSV_HU005.040,AT00|3000_HU05.040
SA01AB0193000MSV_HU005.041,AT00|3000_HU05.041
SA01AB0193000MSV_HU005.042,AT00|3000_HU05.042
SA01AB0193000MSV_HU005.043,AT00|3000_HU05.043
SA01AB0193000MSV_HU005.044,AT00|3000_HU05.044
SA01AB0193000MSV_HU005.045,AT00|3000_HU05.045
SA01AB0193000MSV_HU005.046,AT00|3000_HU05.046
SA01AB0193000MSV_HU005.047,AT00|3000_HU05.047
SA01AB0193000MSV.005.056,AT00|3000_HU05.056
SA01AB0193000MSV.005.057,AT00|3000_HU05.057
SA01AB0193000MSV.005.058,AT00|3000_HU05.058
SA01AB0193000MSV.005.059,AT00|3000_HU05.059
SA01AB0193000MSV.005.060,AT00|3000_HU05.060
SA01AB0193000MSV.005.061,AT00|3000_HU05.061
SA01AB0193000MSV.005.062,AT00|3000_HU05.062
SA01AB0193000MSV.005.063,AT00|3000_HU05.063
SA01AB0193000MSV.005.064,AT00|3000_HU05.064
SA01AB0193000MSV.005.065,AT00|3000_HU05.065
SA01AB0193000MSV.005.066,AT00|3000_HU05.066
SA01AB0193000MSV.005.067,AT00|3000_HU05.067
SA01AB0193000MSV.005.068,AT00|3000_HU05.068
SA01AB0193000MSV.005.069,AT00|3000_HU05.069
SA01AB0193000MSV.005.070,AT00|3000_HU05.070
SA01AB0174565MSV.010.033,AT00|4565_HU10.033
SA01AB0174565MSV.010.034,AT00|4565_HU10.034
SA01AB0174565MSV.010.035,AT00|4565_HU10.035
SA01AB0174565MSV.010.036,AT00|4565_HU10.036
SA01AB0174565MSV.010.037,AT00|4565_HU10.037
SA01AB0174565MSV.010.038,AT00|4565_HU10.038
SA01AB0174565MSV.010.039,AT00|4565_HU10.039
SA01AB0174565MSV.010.040,AT00|4565_HU10.040
SA01AB0174565MSV.010.041,AT00|4565_HU10.041
SA01AB0174565MSV.010.042,AT00|4565_HU10.042
SA01AB0174565MSV.010.043,AT00|4565_HU10.043
SA01AB0174565MSV.010.044,AT00|4565_HU10.044
SA01AB0176453MSV.002.009,AT00|6453_HU02.009
SA01AB0176453MSV.002.010,AT00|6453_HU02.010
SA01AB0176453MSV.002.011,AT00|6453_HU02.011
SA01AB0176453MSV.002.012,AT00|6453_HU02.012
SA01AB0176453MSV.002.013,AT00|6453_HU02.013
SA01AB0176453MSV.002.014,AT00|6453_HU02.014
SA01AB0176453MSV.002.015,AT00|6453_HU02.015
SA01AB0176453MSV.002.016,AT00|6453_HU02.016
SA01AB0176453MSV.002.017,AT00|6453_HU02.017
SA01AB0176453MSV.002.018,AT00|6453_HU02.018
SA01AB0176453MSV.002.019,AT00|6453_HU02.019
SA01AB0176453MSV.002.020,AT00|6453_HU02.020
SA01AB0176453MSV.002.021,AT00|6453_HU02.021
SA01AB0176453MSV.002.022,AT00|6453_HU02.022
SA01AB0176453MSV.002.023,AT00|6453_HU02.023
SA01AB0178380MSV.001.035,AT00|8380_HU01.035
SA01AB0178380MSV.001.036,AT00|8380_HU01.036
SA01AB0182975MSV.002.001,AT00|2975_HU02.001
SA01AB0182975MSV.002.002,AT00|2975_HU02.002
SA01AB0182975MSV.002.003,AT00|2975_HU02.003
SA01AB0182975MSV.002.004,AT00|2975_HU02.004
SA01AB0182975MSV.002.005,AT00|2975_HU02.005
SA01AB0182975MSV.002.006,AT00|2975_HU02.006
SA01AB0182975MSV.002.007,AT00|2975_HU02.007
SA01AB0182975MSV.002.008,AT00|2975_HU02.008
SA01AB0182975MSV.002.009,AT00|2975_HU02.009
SA01AB0182975MSV.002.010,AT00|2975_HU02.010
SA01AB0182975MSV.002.011,AT00|2975_HU02.011
SA01AB0188298MSV.001.017,AT00|8298_HU01.017
SA01AB0188298MSV.001.018,AT00|8298_HU01.018
SA01AB0188298MSV.001.019,AT00|8298_HU01.019
SA01AB0188298MSV.001.020,AT00|8298_HU01.020
SA01AB0188298MSV.001.021,AT00|8298_HU01.021
SA01AB0188298MSV.001.022,AT00|8298_HU01.022
SA01AB0188298MSV.001.023,AT00|8298_HU01.023
SA01AB0189900MSV.002.047,AT00|9900_HU02.047
SA01AB0189900MSV.002.048,AT00|9900_HU02.048
SA01AB0189900MSV.002.049,AT00|9900_HU02.049
SA01AB0189900MSV.002.050,AT00|9900_HU02.050
SA01AB0189900MSV.002.051,AT00|9900_HU02.051
SA01AB0189900MSV.002.052,AT00|9900_HU02.052
SA01AB0189900MSV.002.053,AT00|9900_HU02.053
SA01AB0194664MSV.001.097,AT00|4664_HU01.097
SA01AB0194664MSV.001.098,AT00|4664_HU01.098
SA01AB0194664MSV.001.099,AT00|4664_HU01.099
SA01AB0194664MSV.001.100,AT00|4664_HU01.100
SA01AB0194664MSV.001.101,AT00|4664_HU01.101
SA01AB0194664MSV.001.102,AT00|4664_HU01.102
SA01AB0194664MSV.001.103,AT00|4664_HU01.103
SA01AB0194664MSV.001.104,AT00|4664_HU01.104
SA01AB0194664MSV.001.105,AT00|4664_HU01.105
SA01AB0194664MSV.001.106,AT00|4664_HU01.106
SA01AB0194664MSV.001.107,AT00|4664_HU01.107
SA01AB0194664MSV.001.108,AT00|4664_HU01.108
SA01AB0194664MSV.001.109,AT00|4664_HU01.109
SA01AB0194664MSV.001.110,AT00|4664_HU01.110
SA01AB0194664MSV.001.111,AT00|4664_HU01.111
SA01AB0194664MSV.001.112,AT00|4664_HU01.112
SA01AB0193000MSV_HU003_001,AT00|3000_HU03.001
SA01AB0193000MSV_HU003_002,AT00|3000_HU03.002
SA01AB0193000MSV_HU003_003,AT00|3000_HU03.003
SA01AB0193000MSV_HU003_004,AT00|3000_HU03.004
SA01AB0193000MSV_HU003_005,AT00|3000_HU03.005
SA01AB0193000MSV_HU003_006,AT00|3000_HU03.006
SA01AB0193000MSV_HU003_007,AT00|3000_HU03.007
SA01AB0193000MSV_HU003_008,AT00|3000_HU03.008
SA01AB0193000MSV_HU003_009,AT00|3000_HU03.009
SA01AB0193000MSV_HU003_010,AT00|3000_HU03.010
SA01AB0193000MSV_HU003_011,AT00|3000_HU03.011
SA01AB0193000MSV_HU003_012,AT00|3000_HU03.012
SA01AB0193000MSV_HU003_013,AT00|3000_HU03.013
SA01AB0193000MSV_HU003_014,AT00|3000_HU03.014
SA01AB0193000MSV_HU003_015,AT00|3000_HU03.015
SA01AB0193000MSV_HU006_001,AT00|3000_HU06.001
SA01AB0193000MSV_HU006_002,AT00|3000_HU06.002
SA01AB0193000MSV_HU006_003,AT00|3000_HU06.003
SA01AB0193000MSV_HU006_004,AT00|3000_HU06.004
SA01AB0193000MSV_HU006_005,AT00|3000_HU06.005
SA01AB0193000MSV_HU006_006,AT00|3000_HU06.006
SA01AB0193000MSV_HU006_007,AT00|3000_HU06.007
SA01AB0193000MSV_HU006_008,AT00|3000_HU06.008
SA01AB0193000MSV_HU006_009,AT00|3000_HU06.009
SA01AB0193000MSV_HU006_010,AT00|3000_HU06.010
SA01AB0193000MSV_HU006_011,AT00|3000_HU06.011
SA01AB0193000MSV_HU006_012,AT00|3000_HU06.012
SA01AB0193000MSV_HU006_013,AT00|3000_HU06.013
SA01AB0193000MSV_HU006_014,AT00|3000_HU06.014
SA01AB0193000MSV_HU006_015,AT00|3000_HU06.015
MUC1xEGFR_AT01_0100_0001,AT01|9900_HU02|Cetu00
MUC1xEGFR_AT01_0100_0002,AT01|3000_HU03|Cetu00
MUC1xEGFR_AT01_0100_0003,AT01|3000_HU09|Cetu00
MUC1xEGFR_AT01_0100_0004,AT01|3000_HU11|Cetu00
MUC1xEGFR_AT01_0100_0005,AT01|4664_HU02|Cetu00
MUC1xEGFR_AT01_0100_0006,AT01|4664_HU03|Cetu00
MUC1xEGFR_AT01_0100_0007,AT01|2975_HU05|Cetu00
MUC1xEGFR_AT01_0100_0008,AT01|6453_HU02|Cetu00
MUC1xEGFR_AT01_0100_0009,AT01|8298_HU03|Cetu00
MUC1xEGFR_AT01_0100_0010,AT01|8380_HU03|Cetu00
MUC1xEGFR_AT01_0100_0011,AT01|4565_HU10|Cetu00
MUC1xEGFR_AT01_0100_0012,AT01|4308_HU01|Cetu00
MUC1xEGFR_AT01_0101_0013,AT01|9900_HU02|Cetu01
MUC1xEGFR_AT01_0101_0014,AT01|3000_HU03|Cetu01
MUC1xEGFR_AT01_0101_0015,AT01|3000_HU09|Cetu01
MUC1xEGFR_AT01_0101_0016,AT01|3000_HU11|Cetu01
MUC1xEGFR_AT01_0101_0017,AT01|4664_HU02|Cetu01
MUC1xEGFR_AT01_0101_0018,AT01|4664_HU03|Cetu01
MUC1xEGFR_AT01_0101_0019,AT01|2975_HU05|Cetu01
MUC1xEGFR_AT01_0101_0020,AT01|6453_HU02|Cetu01
MUC1xEGFR_AT01_0101_0021,AT01|8298_HU03|Cetu01
MUC1xEGFR_AT01_0101_0022,AT01|8380_HU03|Cetu01
MUC1xEGFR_AT01_0101_0023,AT01|4565_HU10|Cetu01
MUC1xEGFR_AT01_0101_0024,AT01|4308_HU01|Cetu01
MUC1xEGFR_AT01_0300_0025,AT01|9900_HU02|Pani00
MUC1xEGFR_AT01_0300_0026,AT01|3000_HU03|Pani00
MUC1xEGFR_AT01_0300_0027,AT01|3000_HU09|Pani00
MUC1xEGFR_AT01_0300_0028,AT01|3000_HU11|Pani00
MUC1xEGFR_AT01_0300_0029,AT01|4664_HU02|Pani00
MUC1xEGFR_AT01_0300_0030,AT01|4664_HU03|Pani00
MUC1xEGFR_AT01_0300_0031,AT01|2975_HU05|Pani00
MUC1xEGFR_AT01_0300_0032,AT01|6453_HU02|Pani00
MUC1xEGFR_AT01_0300_0033,AT01|8298_HU03|Pani00
MUC1xEGFR_AT01_0300_0034,AT01|8380_HU03|Pani00
MUC1xEGFR_AT01_0300_0035,AT01|4565_HU10|Pani00
MUC1xEGFR_AT01_0300_0036,AT01|4308_HU01|Pani00
MUC1xEGFR_AT01_0301_0037,AT01|9900_HU02|Pani01
MUC1xEGFR_AT01_0301_0038,AT01|3000_HU03|Pani01
MUC1xEGFR_AT01_0301_0039,AT01|3000_HU09|Pani01
MUC1xEGFR_AT01_0301_0040,AT01|3000_HU11|Pani01
MUC1xEGFR_AT01_0301_0041,AT01|4664_HU02|Pani01
MUC1xEGFR_AT01_0301_0042,AT01|4664_HU03|Pani01
MUC1xEGFR_AT01_0301_0043,AT01|2975_HU05|Pani01
MUC1xEGFR_AT01_0301_0044,AT01|6453_HU02|Pani01
MUC1xEGFR_AT01_0301_0045,AT01|8298_HU03|Pani01
MUC1xEGFR_AT01_0301_0046,AT01|8380_HU03|Pani01
MUC1xEGFR_AT01_0301_0047,AT01|4565_HU10|Pani01
MUC1xEGFR_AT01_0301_0048,AT01|4308_HU01|Pani01
MUC1xTROP2_AT01_0200_0049,AT01|9900_HU02|Dato00
MUC1xTROP2_AT01_0200_0050,AT01|3000_HU03|Dato00
MUC1xTROP2_AT01_0200_0051,AT01|3000_HU09|Dato00
MUC1xTROP2_AT01_0200_0052,AT01|3000_HU11|Dato00
MUC1xTROP2_AT01_0200_0053,AT01|4664_HU02|Dato00
MUC1xTROP2_AT01_0200_0054,AT01|4664_HU03|Dato00
MUC1xTROP2_AT01_0200_0055,AT01|2975_HU05|Dato00
MUC1xTROP2_AT01_0200_0056,AT01|6453_HU02|Dato00
MUC1xTROP2_AT01_0200_0057,AT01|8298_HU03|Dato00
MUC1xTROP2_AT01_0200_0058,AT01|8380_HU03|Dato00
MUC1xTROP2_AT01_0200_0059,AT01|4565_HU10|Dato00
MUC1xTROP2_AT01_0200_0060,AT01|4308_HU01|Dato00
MUC1xTROP2_AT01_0400_0061,AT01|9900_HU02|Saci00
MUC1xTROP2_AT01_0400_0062,AT01|3000_HU03|Saci00
MUC1xTROP2_AT01_0400_0063,AT01|3000_HU09|Saci00
MUC1xTROP2_AT01_0400_0064,AT01|3000_HU11|Saci00
MUC1xTROP2_AT01_0400_0065,AT01|4664_HU02|Saci00
MUC1xTROP2_AT01_0400_0066,AT01|4664_HU03|Saci00
MUC1xTROP2_AT01_0400_0067,AT01|2975_HU05|Saci00
MUC1xTROP2_AT01_0400_0068,AT01|6453_HU02|Saci00
MUC1xTROP2_AT01_0400_0069,AT01|8298_HU03|Saci00
MUC1xTROP2_AT01_0400_0070,AT01|8380_HU03|Saci00
MUC1xTROP2_AT01_0400_0071,AT01|4565_HU10|Saci00
MUC1xTROP2_AT01_0400_0072,AT01|4308_HU01|Saci00
MUC1xTROP2_AT01_0401_0073,AT01|9900_HU02|Saci01
MUC1xTROP2_AT01_0401_0074,AT01|3000_HU03|Saci01
MUC1xTROP2_AT01_0401_0075,AT01|3000_HU09|Saci01
MUC1xTROP2_AT01_0401_0076,AT01|3000_HU11|Saci01
MUC1xTROP2_AT01_0401_0077,AT01|4664_HU02|Saci01
MUC1xTROP2_AT01_0401_0078,AT01|4664_HU03|Saci01
MUC1xTROP2_AT01_0401_0079,AT01|2975_HU05|Saci01
MUC1xTROP2_AT01_0401_0080,AT01|6453_HU02|Saci01
MUC1xTROP2_AT01_0401_0081,AT01|8298_HU03|Saci01
MUC1xTROP2_AT01_0401_0082,AT01|8380_HU03|Saci01
MUC1xTROP2_AT01_0401_0083,AT01|4565_HU10|Saci01
MUC1xTROP2_AT01_0401_0084,AT01|4308_HU01|Saci01
MUC1xEGFR_AT02_0100_0001,AT02|3000_HU03|Cetu00
MUC1xEGFR_AT02_0100_0002,AT02|3000_HU09|Cetu00
MUC1xEGFR_AT02_0100_0003,AT02|3000_HU11|Cetu00
MUC1xEGFR_AT02_0100_0004,AT02|2975_HU05|Cetu00
MUC1xEGFR_AT02_0100_0005,AT02|4308_HU01|Cetu00
MUC1xEGFR_AT02_0100_0006,AT02|4664_HU03|Cetu00
MUC1xEGFR_AT02_0100_0007,AT02|6435MSV|Cetu00
MUC1xEGFR_AT02_0100_0008,AT02|1666_HU02|Cetu00
MUC1xEGFR_AT02_0101_0009,AT02|3000_HU03|Cetu01
MUC1xEGFR_AT02_0101_0010,AT02|3000_HU09|Cetu01
MUC1xEGFR_AT02_0101_0011,AT02|3000_HU11|Cetu01
MUC1xEGFR_AT02_0101_0012,AT02|2975_HU05|Cetu01
MUC1xEGFR_AT02_0101_0013,AT02|4308_HU01|Cetu01
MUC1xEGFR_AT02_0101_0014,AT02|4664_HU03|Cetu01
MUC1xEGFR_AT02_0101_0015,AT02|6435MSV|Cetu01
MUC1xEGFR_AT02_0101_0016,AT02|1666_HU02|Cetu01
MUC1xEGFR_AT02_0300_0017,AT02|3000_HU03|Pani00
MUC1xEGFR_AT02_0300_0018,AT02|3000_HU09|Pani00
MUC1xEGFR_AT02_0300_0019,AT02|3000_HU11|Pani00
MUC1xEGFR_AT02_0300_0020,AT02|2975_HU05|Pani00
MUC1xEGFR_AT02_0300_0021,AT02|4308_HU01|Pani00
MUC1xEGFR_AT02_0300_0022,AT02|4664_HU03|Pani00
MUC1xEGFR_AT02_0300_0023,AT02|6435MSV|Pani00
MUC1xEGFR_AT02_0300_0024,AT02|1666_HU02|Pani00
MUC1xEGFR_AT02_0301_0025,AT02|3000_HU03|Pani01
MUC1xEGFR_AT02_0301_0026,AT02|3000_HU09|Pani01
MUC1xEGFR_AT02_0301_0027,AT02|3000_HU11|Pani01
MUC1xEGFR_AT02_0301_0028,AT02|2975_HU05|Pani01
MUC1xEGFR_AT02_0301_0029,AT02|4308_HU01|Pani01
MUC1xEGFR_AT02_0301_0030,AT02|4664_HU03|Pani01
MUC1xEGFR_AT02_0301_0031,AT02|6435MSV|Pani01
MUC1xEGFR_AT02_0301_0032,AT02|1666_HU02|Pani01
MUC1xTROP2_AT02_0200_0033,AT02|3000_HU03|Dato00
MUC1xTROP2_AT02_0200_0034,AT02|3000_HU09|Dato00
MUC1xTROP2_AT02_0200_0035,AT02|3000_HU11|Dato00
MUC1xTROP2_AT02_0200_0036,AT02|2975_HU05|Dato00
MUC1xTROP2_AT02_0200_0037,AT02|4308_HU01|Dato00
MUC1xTROP2_AT02_0200_0038,AT02|4664_HU03|Dato00
MUC1xTROP2_AT02_0200_0039,AT02|6435MSV|Dato00
MUC1xTROP2_AT02_0200_0040,AT02|1666_HU02|Dato00
MUC1xTROP2_AT02_0400_0041,AT02|3000_HU03|Saci00
MUC1xTROP2_AT02_0400_0042,AT02|3000_HU09|Saci00
MUC1xTROP2_AT02_0400_0043,AT02|3000_HU11|Saci00
MUC1xTROP2_AT02_0400_0044,AT02|2975_HU05|Saci00
MUC1xTROP2_AT02_0400_0045,AT02|4308_HU01|Saci00
MUC1xTROP2_AT02_0400_0046,AT02|4664_HU03|Saci00
MUC1xTROP2_AT02_0400_0047,AT02|6435MSV|Saci00
MUC1xTROP2_AT02_0400_0048,AT02|1666_HU02|Saci00
MUC1xTROP2_AT02_0401_0049,AT02|3000_HU03|Saci01
MUC1xTROP2_AT02_0401_0050,AT02|3000_HU09|Saci01
MUC1xTROP2_AT02_0401_0051,AT02|3000_HU11|Saci01
MUC1xTROP2_AT02_0401_0052,AT02|2975_HU05|Saci01
MUC1xTROP2_AT02_0401_0053,AT02|4308_HU01|Saci01
MUC1xTROP2_AT02_0401_0054,AT02|4664_HU03|Saci01
MUC1xTROP2_AT02_0401_0055,AT02|6435MSV|Saci01
MUC1xTROP2_AT02_0401_0056,AT02|1666_HU02|Saci01
MUC1xEGFR_AT03_0100_0001,AT03|3000_HU03|Cetu00
MUC1xEGFR_AT03_0100_0002,AT03|3000_HU09|Cetu00
MUC1xEGFR_AT03_0100_0003,AT03|3000_HU11|Cetu00
MUC1xEGFR_AT03_0100_0004,AT03|2975_HU05|Cetu00
MUC1xEGFR_AT03_0100_0005,AT03|4308_HU01|Cetu00
MUC1xEGFR_AT03_0100_0006,AT03|4664_HU03|Cetu00
MUC1xEGFR_AT03_0100_0007,AT03|6435MSV|Cetu00
MUC1xEGFR_AT03_0100_0008,AT03|1666_HU02|Cetu00
MUC1xEGFR_AT03_0101_0009,AT03|3000_HU03|Cetu01
MUC1xEGFR_AT03_0101_0010,AT03|3000_HU09|Cetu01
MUC1xEGFR_AT03_0101_0011,AT03|3000_HU11|Cetu01
MUC1xEGFR_AT03_0101_0012,AT03|2975_HU05|Cetu01
MUC1xEGFR_AT03_0101_0013,AT03|4308_HU01|Cetu01
MUC1xEGFR_AT03_0101_0014,AT03|4664_HU03|Cetu01
MUC1xEGFR_AT03_0101_0015,AT03|6435MSV|Cetu01
MUC1xEGFR_AT03_0101_0016,AT03|1666_HU02|Cetu01
MUC1xEGFR_AT03_0300_0017,AT03|3000_HU03|Pani00
MUC1xEGFR_AT03_0300_0018,AT03|3000_HU09|Pani00
MUC1xEGFR_AT03_0300_0019,AT03|3000_HU11|Pani00
MUC1xEGFR_AT03_0300_0020,AT03|2975_HU05|Pani00
MUC1xEGFR_AT03_0300_0021,AT03|4308_HU01|Pani00
MUC1xEGFR_AT03_0300_0022,AT03|4664_HU03|Pani00
MUC1xEGFR_AT03_0300_0023,AT03|6435MSV|Pani00
MUC1xEGFR_AT03_0300_0024,AT03|1666_HU02|Pani00
MUC1xEGFR_AT03_0301_0025,AT03|3000_HU03|Pani01
MUC1xEGFR_AT03_0301_0026,AT03|3000_HU09|Pani01
MUC1xEGFR_AT03_0301_0027,AT03|3000_HU11|Pani01
MUC1xEGFR_AT03_0301_0028,AT03|2975_HU05|Pani01
MUC1xEGFR_AT03_0301_0029,AT03|4308_HU01|Pani01
MUC1xEGFR_AT03_0301_0030,AT03|4664_HU03|Pani01
MUC1xEGFR_AT03_0301_0031,AT03|6435MSV|Pani01
MUC1xEGFR_AT03_0301_0032,AT03|1666_HU02|Pani01
MUC1xTROP2_AT03_0200_0033,AT03|3000_HU03|Dato00
MUC1xTROP2_AT03_0200_0034,AT03|3000_HU09|Dato00
MUC1xTROP2_AT03_0200_0035,AT03|3000_HU11|Dato00
MUC1xTROP2_AT03_0200_0036,AT03|2975_HU05|Dato00
MUC1xTROP2_AT03_0200_0037,AT03|4308_HU01|Dato00
MUC1xTROP2_AT03_0200_0038,AT03|4664_HU03|Dato00
MUC1xTROP2_AT03_0200_0039,AT03|6435MSV|Dato00
MUC1xTROP2_AT03_0200_0040,AT03|1666_HU02|Dato00
MUC1xTROP2_AT03_0400_0041,AT03|3000_HU03|Saci00
MUC1xTROP2_AT03_0400_0042,AT03|3000_HU09|Saci00
MUC1xTROP2_AT03_0400_0043,AT03|3000_HU11|Saci00
MUC1xTROP2_AT03_0400_0044,AT03|2975_HU05|Saci00
MUC1xTROP2_AT03_0400_0045,AT03|4308_HU01|Saci00
MUC1xTROP2_AT03_0400_0046,AT03|4664_HU03|Saci00
MUC1xTROP2_AT03_0400_0047,AT03|6435MSV|Saci00
MUC1xTROP2_AT03_0400_0048,AT03|1666_HU02|Saci00
MUC1xTROP2_AT03_0401_0049,AT03|3000_HU03|Saci01
MUC1xTROP2_AT03_0401_0050,AT03|3000_HU09|Saci01
MUC1xTROP2_AT03_0401_0051,AT03|3000_HU11|Saci01
MUC1xTROP2_AT03_0401_0052,AT03|2975_HU05|Saci01
MUC1xTROP2_AT03_0401_0053,AT03|4308_HU01|Saci01
MUC1xTROP2_AT03_0401_0054,AT03|4664_HU03|Saci01
MUC1xTROP2_AT03_0401_0055,AT03|6435MSV|Saci01
MUC1xTROP2_AT03_0401_0056,AT03|1666_HU02|Saci01
MUC1xEGFR_AT04_0100_0001,AT04|3000_HU03|Cetu00
MUC1xEGFR_AT04_0100_0002,AT04|3000_HU09|Cetu00
MUC1xEGFR_AT04_0100_0003,AT04|3000_HU11|Cetu00
MUC1xEGFR_AT04_0100_0004,AT04|2975_HU05|Cetu00
MUC1xEGFR_AT04_0100_0005,AT04|4308_HU01|Cetu00
MUC1xEGFR_AT04_0100_0006,AT04|4664_HU03|Cetu00
MUC1xEGFR_AT04_0100_0007,AT04|6435MSV|Cetu00
MUC1xEGFR_AT04_0100_0008,AT04|1666_HU02|Cetu00
MUC1xEGFR_AT04_0101_0009,AT04|3000_HU03|Cetu01
MUC1xEGFR_AT04_0101_0010,AT04|3000_HU09|Cetu01
MUC1xEGFR_AT04_0101_0011,AT04|3000_HU11|Cetu01
MUC1xEGFR_AT04_0101_0012,AT04|2975_HU05|Cetu01
MUC1xEGFR_AT04_0101_0013,AT04|4308_HU01|Cetu01
MUC1xEGFR_AT04_0101_0014,AT04|4664_HU03|Cetu01
MUC1xEGFR_AT04_0101_0015,AT04|6435MSV|Cetu01
MUC1xEGFR_AT04_0101_0016,AT04|1666_HU02|Cetu01
MUC1xEGFR_AT04_0300_0017,AT04|3000_HU03|Pani00
MUC1xEGFR_AT04_0300_0018,AT04|3000_HU09|Pani00
MUC1xEGFR_AT04_0300_0019,AT04|3000_HU11|Pani00
MUC1xEGFR_AT04_0300_0020,AT04|2975_HU05|Pani00
MUC1xEGFR_AT04_0300_0021,AT04|4308_HU01|Pani00
MUC1xEGFR_AT04_0300_0022,AT04|4664_HU03|Pani00
MUC1xEGFR_AT04_0300_0023,AT04|6435MSV|Pani00
MUC1xEGFR_AT04_0300_0024,AT04|1666_HU02|Pani00
MUC1xEGFR_AT04_0301_0025,AT04|3000_HU03|Pani01
MUC1xEGFR_AT04_0301_0026,AT04|3000_HU09|Pani01
MUC1xEGFR_AT04_0301_0027,AT04|3000_HU11|Pani01
MUC1xEGFR_AT04_0301_0028,AT04|2975_HU05|Pani01
MUC1xEGFR_AT04_0301_0029,AT04|4308_HU01|Pani01
MUC1xEGFR_AT04_0301_0030,AT04|4664_HU03|Pani01
MUC1xEGFR_AT04_0301_0031,AT04|6435MSV|Pani01
MUC1xEGFR_AT04_0301_0032,AT04|1666_HU02|Pani01
MUC1xTROP2_AT04_0200_0033,AT04|3000_HU03|Dato00
MUC1xTROP2_AT04_0200_0034,AT04|3000_HU09|Dato00
MUC1xTROP2_AT04_0200_0035,AT04|3000_HU11|Dato00
MUC1xTROP2_AT04_0200_0036,AT04|2975_HU05|Dato00
MUC1xTROP2_AT04_0200_0037,AT04|4308_HU01|Dato00
MUC1xTROP2_AT04_0200_0038,AT04|4664_HU03|Dato00
MUC1xTROP2_AT04_0200_0039,AT04|6435MSV|Dato00
MUC1xTROP2_AT04_0200_0040,AT04|1666_HU02|Dato00
MUC1xTROP2_AT04_0400_0041,AT04|3000_HU03|Saci00
MUC1xTROP2_AT04_0400_0042,AT04|3000_HU09|Saci00
MUC1xTROP2_AT04_0400_0043,AT04|3000_HU11|Saci00
MUC1xTROP2_AT04_0400_0044,AT04|2975_HU05|Saci00
MUC1xTROP2_AT04_0400_0045,AT04|4308_HU01|Saci00
MUC1xTROP2_AT04_0400_0046,AT04|4664_HU03|Saci00
MUC1xTROP2_AT04_0400_0047,AT04|6435MSV|Saci00
MUC1xTROP2_AT04_0400_0048,AT04|1666_HU02|Saci00
MUC1xTROP2_AT04_0401_0049,AT04|3000_HU03|Saci01
MUC1xTROP2_AT04_0401_0050,AT04|3000_HU09|Saci01
MUC1xTROP2_AT04_0401_0051,AT04|3000_HU11|Saci01
MUC1xTROP2_AT04_0401_0052,AT04|2975_HU05|Saci01
MUC1xTROP2_AT04_0401_0053,AT04|4308_HU01|Saci01
MUC1xTROP2_AT04_0401_0054,AT04|4664_HU03|Saci01
MUC1xTROP2_AT04_0401_0055,AT04|6435MSV|Saci01
MUC1xTROP2_AT04_0401_0056,AT04|1666_HU02|Saci01
MUC1xEGFR_AT05_0100_0001,AT05|3000_HU03|Cetu00
MUC1xEGFR_AT05_0100_0002,AT05|3000_HU09|Cetu00
MUC1xEGFR_AT05_0100_0003,AT05|3000_HU11|Cetu00
MUC1xEGFR_AT05_0100_0004,AT05|2975_HU05|Cetu00
MUC1xEGFR_AT05_0100_0005,AT05|4308_HU01|Cetu00
MUC1xEGFR_AT05_0100_0006,AT05|4664_HU03|Cetu00
MUC1xEGFR_AT05_0101_0007,AT05|3000_HU03|Cetu01
MUC1xEGFR_AT05_0101_0008,AT05|3000_HU09|Cetu01
MUC1xEGFR_AT05_0101_0009,AT05|3000_HU11|Cetu01
MUC1xEGFR_AT05_0101_0010,AT05|2975_HU05|Cetu01
MUC1xEGFR_AT05_0101_0011,AT05|4308_HU01|Cetu01
MUC1xEGFR_AT05_0101_0012,AT05|4664_HU03|Cetu01
MUC1xEGFR_AT05_0300_0013,AT05|3000_HU03|Pani00
MUC1xEGFR_AT05_0300_0014,AT05|3000_HU09|Pani00
MUC1xEGFR_AT05_0300_0015,AT05|3000_HU11|Pani00
MUC1xEGFR_AT05_0300_0016,AT05|2975_HU05|Pani00
MUC1xEGFR_AT05_0300_0017,AT05|4308_HU01|Pani00
MUC1xEGFR_AT05_0300_0018,AT05|4664_HU03|Pani00
MUC1xEGFR_AT05_0301_0019,AT05|3000_HU03|Pani01
MUC1xEGFR_AT05_0301_0020,AT05|3000_HU09|Pani01
MUC1xEGFR_AT05_0301_0021,AT05|3000_HU11|Pani01
MUC1xEGFR_AT05_0301_0022,AT05|2975_HU05|Pani01
MUC1xEGFR_AT05_0301_0023,AT05|4308_HU01|Pani01
MUC1xEGFR_AT05_0301_0024,AT05|4664_HU03|Pani01
MUC1xTROP2_AT05_0200_0025,AT05|3000_HU03|Dato00
MUC1xTROP2_AT05_0200_0026,AT05|3000_HU09|Dato00
MUC1xTROP2_AT05_0200_0027,AT05|3000_HU11|Dato00
MUC1xTROP2_AT05_0200_0028,AT05|2975_HU05|Dato00
MUC1xTROP2_AT05_0200_0029,AT05|4308_HU01|Dato00
MUC1xTROP2_AT05_0200_0030,AT05|4664_HU03|Dato00
MUC1xTROP2_AT05_0400_0031,AT05|3000_HU03|Saci00
MUC1xTROP2_AT05_0400_0032,AT05|3000_HU09|Saci00
MUC1xTROP2_AT05_0400_0033,AT05|3000_HU11|Saci00
MUC1xTROP2_AT05_0400_0034,AT05|2975_HU05|Saci00
MUC1xTROP2_AT05_0400_0035,AT05|4308_HU01|Saci00
MUC1xTROP2_AT05_0400_0036,AT05|4664_HU03|Saci00
MUC1xTROP2_AT05_0401_0037,AT05|3000_HU03|Saci01
MUC1xTROP2_AT05_0401_0038,AT05|3000_HU09|Saci01
MUC1xTROP2_AT05_0401_0039,AT05|3000_HU11|Saci01
MUC1xTROP2_AT05_0401_0040,AT05|2975_HU05|Saci01
MUC1xTROP2_AT05_0401_0041,AT05|4308_HU01|Saci01
MUC1xTROP2_AT05_0401_0042,AT05|4664_HU03|Saci01
cetuximab,AT00|Cetu00
cetuximab_H_Y102A_W52V,AT00|Cetu01
Pani WT,AT00|Pani00
panitumumab_L_D50V_H_T103A,AT00|Pani01
datopotamab,AT00|Dato00
sacituzumab,AT00|Saci00
sacituzumab_L_D28R_S30K,AT00|Saci01
ME02_6453_02_0100,AT02|6453_HU02|Cetu00
ME02_6453_02_0101,AT02|6453_HU02|Cetu01
ME02_6453_02_0300,AT02|6453_HU02|Pani00
ME02_6453_02_0301,AT02|6453_HU02|Pani01
MT02_6453_02_0200,AT02|6453_HU02|Dato00
MT02_6453_02_0400,AT02|6453_HU02|Saci00
MT02_6453_02_0401,AT02|6453_HU02|Saci01
ME02_8298_03_0100,AT02|8298_HU03|Cetu00
ME02_8298_03_0101,AT02|8298_HU03|Cetu01
ME02_8298_03_0300,AT02|8298_HU03|Pani00
ME02_8298_03_0301,AT02|8298_HU03|Pani01
MT02_8298_03_0200,AT02|8298_HU03|Dato00
MT02_8298_03_0400,AT02|8298_HU03|Saci00
MT02_8298_03_0401,AT02|8298_HU03|Saci01
ME02_3000_03_0600,AT02|3000_HU03|amivantamab
ME02_3000_03_0500,AT02|3000_HU03|nimotuzumab
ME02_3000_11_0600,AT02|3000_HU11|amivantamab
ME02_3000_11_0500,AT02|3000_HU11|nimotuzumab
ME02_6453_02_0600,AT02|6453_HU02|amivantamab
ME02_6453_02_0500,AT02|6453_HU02|nimotuzumab
ME02_8298_03_0600,AT02|8298_HU03|amivantamab
ME02_8298_03_0500,AT02|8298_HU03|nimotuzumab
ME02_3000_03_0302,AT02|3000_HU03|Pani02
ME02_3000_03_0303,AT02|3000_HU03|Pani03
ME02_3000_03_0304,AT02|3000_HU03|Pani04
ME02_3000_03_0305,AT02|3000_HU03|Pani05
ME02_3000_03_0306,AT02|3000_HU03|Pani06
ME02_3000_03_0307,AT02|3000_HU03|Pani07
ME02_3000_03_0308,AT02|3000_HU03|Pani08
ME02_3000_03_0309,AT02|3000_HU03|Pani09
ME02_3000_03_0310,AT02|3000_HU03|Pani10
ME02_3000_03_0311,AT02|3000_HU03|Pani11
ME02_3000_03_0312,AT02|3000_HU03|Pani12
ME02_3000_03_0313,AT02|3000_HU03|Pani13
ME02_3000_03_0314,AT02|3000_HU03|Pani14
ME02_3000_03_0315,AT02|3000_HU03|Pani15
ME02_3000_03_0316,AT02|3000_HU03|Pani16
ME02_3000_03_0317,AT02|3000_HU03|Pani17
ME02_3000_03_0318,AT02|3000_HU03|Pani18
ME02_3000_03_0319,AT02|3000_HU03|Pani19
ME02_3000_03_0320,AT02|3000_HU03|Pani20
ME02_3000_03_0321,AT02|3000_HU03|Pani21
ME02_3000_03_0322,AT02|3000_HU03|Pani22
ME02_3000_03_0323,AT02|3000_HU03|Pani23
ME02_3000_03_0324,AT02|3000_HU03|Pani24
ME02_3000_03_0325,AT02|3000_HU03|Pani25
ME02_3000_03_0326,AT02|3000_HU03|Pani26
ME02_3000_03_0327,AT02|3000_HU03|Pani27
ME02_3000_03_0328,AT02|3000_HU03|Pani28
ME02_3000_03_0329,AT02|3000_HU03|Pani29
ME02_3000_03_0330,AT02|3000_HU03|Pani30
MT02_3000_03_0402,AT02|3000_HU03|Saci02
MT02_3000_03_0403,AT02|3000_HU03|Saci03
MT02_3000_03_0404,AT02|3000_HU03|Saci04
MT02_3000_03_0405,AT02|3000_HU03|Saci05
MT02_3000_03_0406,AT02|3000_HU03|Saci06
MT02_3000_03_0407,AT02|3000_HU03|Saci07
MT02_3000_03_0408,AT02|3000_HU03|Saci08
MT02_3000_03_0409,AT02|3000_HU03|Saci09
MT02_3000_03_0410,AT02|3000_HU03|Saci10
MT02_3000_03_0411,AT02|3000_HU03|Saci11
MT02_3000_03_0412,AT02|3000_HU03|Saci12
MT02_3000_03_0413,AT02|3000_HU03|Saci13
MT02_3000_03_0414,AT02|3000_HU03|Saci14
MT02_3000_03_0415,AT02|3000_HU03|Saci15
MT02_3000_03_0416,AT02|3000_HU03|Saci16
MT02_3000_03_0417,AT02|3000_HU03|Saci17
MT02_3000_03_0418,AT02|3000_HU03|Saci18
MT02_3000_03_0419,AT02|3000_HU03|Saci19
MT02_3000_03_0420,AT02|3000_HU03|Saci20
MT02_3000_03_0421,AT02|3000_HU03|Saci21
MT02_3000_03_0422,AT02|3000_HU03|Saci22
MT02_3000_03_0423,AT02|3000_HU03|Saci23
MT02_3000_03_0424,AT02|3000_HU03|Saci24
MT02_3000_03_0425,AT02|3000_HU03|Saci25
MT02_3000_03_0426,AT02|3000_HU03|Saci26
MT02_3000_03_0427,AT02|3000_HU03|Saci27
MT02_3000_03_0428,AT02|3000_HU03|Saci28
MT02_3000_03_0429,AT02|3000_HU03|Saci29
MT02_3000_03_0430,AT02|3000_HU03|Saci30
MT02_3000_03_0431,AT02|3000_HU03|Saci31
MT02_3000_03_0432,AT02|3000_HU03|Saci32
MT02_3000_03_0433,AT02|3000_HU03|Saci33
MT02_3000_03_0434,AT02|3000_HU03|Saci34
MT02_3000_03_0435,AT02|3000_HU03|Saci35
MT02_3000_03_0436,AT02|3000_HU03|Saci36
MT02_3000_03_0437,AT02|3000_HU03|Saci37
MT02_3000_03_0438,AT02|3000_HU03|Saci38
MT02_3000_03_0439,AT02|3000_HU03|Saci39
MT02_3000_03_0440,AT02|3000_HU03|Saci40
MT02_3000_03_0441,AT02|3000_HU03|Saci41
MT02_3000_03_0442,AT02|3000_HU03|Saci42
MT02_3000_03_0443,AT02|3000_HU03|Saci43
MT02_3000_03_0444,AT02|3000_HU03|Saci44
MT02_3000_03_0445,AT02|3000_HU03|Saci45
MT02_3000_03_0446,AT02|3000_HU03|Saci46
MT02_3000_03_0447,AT02|3000_HU03|Saci47
MT02_3000_03_0448,AT02|3000_HU03|Saci48
MT02_3000_03_0449,AT02|3000_HU03|Saci49
ME02_3000_03_0102,AT02|3000_HU03|Cetu02
ME02_3000_03_0103,AT02|3000_HU03|Cetu03
ME02_3000_03_0104,AT02|3000_HU03|Cetu04
ME02_3000_03_0105,AT02|3000_HU03|Cetu05
ME02_3000_03_0106,AT02|3000_HU03|Cetu06
ME02_3000_03_0107,AT02|3000_HU03|Cetu07
ME02_3000_03_0108,AT02|3000_HU03|Cetu08
ME02_3000_03_0109,AT02|3000_HU03|Cetu09
ME02_3000_03_0110,AT02|3000_HU03|Cetu10
ME02_3000_03_0111,AT02|3000_HU03|Cetu11
ME02_3000_03_0112,AT02|3000_HU03|Cetu12
ME02_3000_03_0113,AT02|3000_HU03|Cetu13
ME02_3000_03_0114,AT02|3000_HU03|Cetu14
ME02_3000_03_0115,AT02|3000_HU03|Cetu15
ME02_3000_03_0116,AT02|3000_HU03|Cetu16
ME02_3000_03_0117,AT02|3000_HU03|Cetu17
ME02_3000_03_0118,AT02|3000_HU03|Cetu18
ME02_3000_03_0119,AT02|3000_HU03|Cetu19
ME02_3000_03_0120,AT02|3000_HU03|Cetu20
ME02_3000_03_0121,AT02|3000_HU03|Cetu21
ME02_3000_03_0122,AT02|3000_HU03|Cetu22
ME02_3000_03_0123,AT02|3000_HU03|Cetu23
ME02_3000_03_0124,AT02|3000_HU03|Cetu24
ME02_3000_03_0125,AT02|3000_HU03|Cetu25
ME02_3000_03_0126,AT02|3000_HU03|Cetu26
ME02_3000_03_0127,AT02|3000_HU03|Cetu27
ME02_3000_03_0128,AT02|3000_HU03|Cetu28
ME02_3000_03_0129,AT02|3000_HU03|Cetu29
ME02_3000_03_0130,AT02|3000_HU03|Cetu30
ME02_3000_03_0131,AT02|3000_HU03|Cetu31
ME02_3000_03_0132,AT02|3000_HU03|Cetu32
ME02_3000_03_0133,AT02|3000_HU03|Cetu33
ME02_3000_03_0134,AT02|3000_HU03|Cetu34
ME02_3000_03_0135,AT02|3000_HU03|Cetu35
ME02_3000_03_0136,AT02|3000_HU03|Cetu36
ME02_3000_03_0137,AT02|3000_HU03|Cetu37
ME02_3000_03_0138,AT02|3000_HU03|Cetu38
ME02_3000_03_0139,AT02|3000_HU03|Cetu39
ME02_3000_03_0140,AT02|3000_HU03|Cetu40
ME02_3000_03_0141,AT02|3000_HU03|Cetu41
SAEX0402,AT00|Saci02
SAEX0403,AT00|Saci03
SAEX0404,AT00|Saci04
SAEX0405,AT00|Saci05
SAEX0406,AT00|Saci06
SAEX0407,AT00|Saci07
SAEX0408,AT00|Saci08
SAEX0409,AT00|Saci09
SAEX0410,AT00|Saci10
SAEX0411,AT00|Saci11
SAEX0412,AT00|Saci12
SAEX0413,AT00|Saci13
SAEX0414,AT00|Saci14
SAEX0415,AT00|Saci15
SAEX0416,AT00|Saci16
SAEX0417,AT00|Saci17
SAEX0418,AT00|Saci18
SAEX0419,AT00|Saci19
SAEX0420,AT00|Saci20
SAEX0421,AT00|Saci21
SAEX0422,AT00|Saci22
SAEX0423,AT00|Saci23
SAEX0424,AT00|Saci24
SAEX0425,AT00|Saci25
SAEX0426,AT00|Saci26
SAEX0427,AT00|Saci27
SAEX0428,AT00|Saci28
SAEX0429,AT00|Saci29
SAEX0430,AT00|Saci30
SAEX0431,AT00|Saci31
SAEX0432,AT00|Saci32
SAEX0433,AT00|Saci33
SAEX0434,AT00|Saci34
SAEX0435,AT00|Saci35
SAEX0436,AT00|Saci36
SAEX0437,AT00|Saci37
SAEX0438,AT00|Saci38
SAEX0439,AT00|Saci39
SAEX0440,AT00|Saci40
SAEX0441,AT00|Saci41
SAEX0442,AT00|Saci42
SAEX0443,AT00|Saci43
SAEX0444,AT00|Saci44
SAEX0445,AT00|Saci45
SAEX0446,AT00|Saci46
SAEX0447,AT00|Saci47
SAEX0448,AT00|Saci48
SAEX0449,AT00|Saci49
SAEX0102,AT00|Cetu02
SAEX0103,AT00|Cetu03
SAEX0104,AT00|Cetu04
SAEX0105,AT00|Cetu05
SAEX0106,AT00|Cetu06
SAEX0107,AT00|Cetu07
SAEX0108,AT00|Cetu08
SAEX0109,AT00|Cetu09
SAEX0110,AT00|Cetu10
SAEX0111,AT00|Cetu11
SAEX0112,AT00|Cetu12
SAEX0113,AT00|Cetu13
SAEX0114,AT00|Cetu14
SAEX0115,AT00|Cetu15
SAEX0116,AT00|Cetu16
SAEX0117,AT00|Cetu17
SAEX0118,AT00|Cetu18
SAEX0119,AT00|Cetu19
SAEX0120,AT00|Cetu20
SAEX0121,AT00|Cetu21
SAEX0122,AT00|Cetu22
SAEX0123,AT00|Cetu23
SAEX0124,AT00|Cetu24
SAEX0125,AT00|Cetu25
SAEX0126,AT00|Cetu26
SAEX0127,AT00|Cetu27
SAEX0128,AT00|Cetu28
SAEX0129,AT00|Cetu29
SAEX0130,AT00|Cetu30
SAEX0131,AT00|Cetu31
SAEX0132,AT00|Cetu32
SAEX0133,AT00|Cetu33
SAEX0134,AT00|Cetu34
SAEX0135,AT00|Cetu35
SAEX0136,AT00|Cetu36
SAEX0137,AT00|Cetu37
SAEX0138,AT00|Cetu38
SAEX0139,AT00|Cetu39
SAEX0140,AT00|Cetu40
SAEX0141,AT00|Cetu41
SAEX0302,AT00|Pani02
SAEX0303,AT00|Pani03
SAEX0304,AT00|Pani04
SAEX0305,AT00|Pani05
SAEX0306,AT00|Pani06
SAEX0307,AT00|Pani07
SAEX0308,AT00|Pani08
SAEX0309,AT00|Pani09
SAEX0310,AT00|Pani10
SAEX0311,AT00|Pani11
SAEX0312,AT00|Pani12
SAEX0313,AT00|Pani13
SAEX0314,AT00|Pani14
SAEX0315,AT00|Pani15
SAEX0316,AT00|Pani16
SAEX0317,AT00|Pani17
SAEX0318,AT00|Pani18
SAEX0319,AT00|Pani19
SAEX0320,AT00|Pani20
SAEX0321,AT00|Pani21
SAEX0322,AT00|Pani22
SAEX0323,AT00|Pani23
SAEX0324,AT00|Pani24
SAEX0325,AT00|Pani25
SAEX0326,AT00|Pani26
SAEX0327,AT00|Pani27
SAEX0328,AT00|Pani28
SAEX0329,AT00|Pani29
SAEX0330,AT00|Pani30
ME06_3000_03_0100-aLIHC-01,AT06|3000_HU03|Cetu00|01
ME06_3000_03_0100-aLIHC-02,AT06|3000_HU03|Cetu00|02
ME06_3000_03_0100-aLIHC-03,AT06|3000_HU03|Cetu00|03
ME06_3000_03_0100-aLIHC-04,AT06|3000_HU03|Cetu00|04
ME06_3000_03_0100-aLIHC-05,AT06|3000_HU03|Cetu00|05
ME06_3000_03_0100-aLIHC-06,AT06|3000_HU03|Cetu00|06
ME06_3000_03_0100-aLIHC-07,AT06|3000_HU03|Cetu00|07
ME06_3000_03_0100-aLIHC-08,AT06|3000_HU03|Cetu00|08
ME06_3000_03_0100-aLIHC-09,AT06|3000_HU03|Cetu00|09
ME06_3000_03_0100-aLIHC-10,AT06|3000_HU03|Cetu00|10
ME06_3000_03_0100-aLIHC-11,AT06|3000_HU03|Cetu00|11
ME06_3000_03_0100-aLIHC-12,AT06|3000_HU03|Cetu00|12
ME06_3000_03_0100-aLIHC-13,AT06|3000_HU03|Cetu00|13
ME06_3000_03_0100-aLIHC-14,AT06|3000_HU03|Cetu00|14
ME06_3000_03_0100-aLIHC-15,AT06|3000_HU03|Cetu00|15
ME06_3000_03_0100-aLIHC-16,AT06|3000_HU03|Cetu00|16
ME06_3000_03_0100-aLIHC-17,AT06|3000_HU03|Cetu00|17
ME06_3000_03_0100-aLIHC-18,AT06|3000_HU03|Cetu00|18
ME06_3000_03_0100-aLIHC-19,AT06|3000_HU03|Cetu00|19
ME06_3000_03_0100-aLIHC-20,AT06|3000_HU03|Cetu00|20
ME06_3000_03_0100-aLIHC-21,AT06|3000_HU03|Cetu00|21
ME06_3000_03_0100-aLIHC-22,AT06|3000_HU03|Cetu00|22
ME06_3000_03_0100-aLIHC-23,AT06|3000_HU03|Cetu00|23
ME06_3000_03_0100-aLIHC-24,AT06|3000_HU03|Cetu00|24
ME06_3000_03_0100-aLIHC-25,AT06|3000_HU03|Cetu00|25
ME06_3000_03_0100-aLIHC-26,AT06|3000_HU03|Cetu00|26
ME06_3000_03_0100-aLIHC-27,AT06|3000_HU03|Cetu00|27
ME06_3000_03_0100-aLIHC-28,AT06|3000_HU03|Cetu00|28
ME06_3000_03_0100-aLIHC-29,AT06|3000_HU03|Cetu00|29
ME06_3000_03_0100-aLIHC-30,AT06|3000_HU03|Cetu00|30
ME06_3000_03_0101-aLIHC-01,AT06|3000_HU03|Cetu01|01
ME06_3000_03_0101-aLIHC-02,AT06|3000_HU03|Cetu01|02
ME06_3000_03_0101-aLIHC-03,AT06|3000_HU03|Cetu01|03
ME06_3000_03_0101-aLIHC-04,AT06|3000_HU03|Cetu01|04
ME06_3000_03_0101-aLIHC-05,AT06|3000_HU03|Cetu01|05
ME06_3000_03_0101-aLIHC-06,AT06|3000_HU03|Cetu01|06
ME06_3000_03_0101-aLIHC-07,AT06|3000_HU03|Cetu01|07
ME06_3000_03_0101-aLIHC-08,AT06|3000_HU03|Cetu01|08
ME06_3000_03_0101-aLIHC-09,AT06|3000_HU03|Cetu01|09
ME06_3000_03_0101-aLIHC-10,AT06|3000_HU03|Cetu01|10
ME06_3000_03_0101-aLIHC-11,AT06|3000_HU03|Cetu01|11
ME06_3000_03_0101-aLIHC-12,AT06|3000_HU03|Cetu01|12
ME06_3000_03_0101-aLIHC-13,AT06|3000_HU03|Cetu01|13
ME06_3000_03_0101-aLIHC-14,AT06|3000_HU03|Cetu01|14
ME06_3000_03_0101-aLIHC-15,AT06|3000_HU03|Cetu01|15
ME06_3000_03_0101-aLIHC-16,AT06|3000_HU03|Cetu01|16
ME06_3000_03_0101-aLIHC-17,AT06|3000_HU03|Cetu01|17
ME06_3000_03_0101-aLIHC-18,AT06|3000_HU03|Cetu01|18
ME06_3000_03_0101-aLIHC-19,AT06|3000_HU03|Cetu01|19
ME06_3000_03_0101-aLIHC-20,AT06|3000_HU03|Cetu01|20
ME06_3000_03_0101-aLIHC-21,AT06|3000_HU03|Cetu01|21
ME06_3000_03_0101-aLIHC-22,AT06|3000_HU03|Cetu01|22
ME06_3000_03_0101-aLIHC-23,AT06|3000_HU03|Cetu01|23
ME06_3000_03_0101-aLIHC-24,AT06|3000_HU03|Cetu01|24
ME06_3000_03_0101-aLIHC-25,AT06|3000_HU03|Cetu01|25
ME06_3000_03_0101-aLIHC-26,AT06|3000_HU03|Cetu01|26
ME06_3000_03_0101-aLIHC-27,AT06|3000_HU03|Cetu01|27
ME06_3000_03_0101-aLIHC-28,AT06|3000_HU03|Cetu01|28
ME06_3000_03_0101-aLIHC-29,AT06|3000_HU03|Cetu01|29
ME06_3000_03_0101-aLIHC-30,AT06|3000_HU03|Cetu01|30
ME06_3000_03_0300-aLIHC-01,AT06|3000_HU03|Pani00|01
ME06_3000_03_0300-aLIHC-02,AT06|3000_HU03|Pani00|02
ME06_3000_03_0300-aLIHC-03,AT06|3000_HU03|Pani00|03
ME06_3000_03_0300-aLIHC-04,AT06|3000_HU03|Pani00|04
ME06_3000_03_0300-aLIHC-05,AT06|3000_HU03|Pani00|05
ME06_3000_03_0300-aLIHC-06,AT06|3000_HU03|Pani00|06
ME06_3000_03_0300-aLIHC-07,AT06|3000_HU03|Pani00|07
ME06_3000_03_0300-aLIHC-08,AT06|3000_HU03|Pani00|08
ME06_3000_03_0300-aLIHC-09,AT06|3000_HU03|Pani00|09
ME06_3000_03_0300-aLIHC-10,AT06|3000_HU03|Pani00|10
ME06_3000_03_0300-aLIHC-11,AT06|3000_HU03|Pani00|11
ME06_3000_03_0300-aLIHC-12,AT06|3000_HU03|Pani00|12
ME06_3000_03_0300-aLIHC-13,AT06|3000_HU03|Pani00|13
ME06_3000_03_0300-aLIHC-14,AT06|3000_HU03|Pani00|14
ME06_3000_03_0300-aLIHC-15,AT06|3000_HU03|Pani00|15
ME06_3000_03_0300-aLIHC-16,AT06|3000_HU03|Pani00|16
ME06_3000_03_0300-aLIHC-17,AT06|3000_HU03|Pani00|17
ME06_3000_03_0300-aLIHC-18,AT06|3000_HU03|Pani00|18
ME06_3000_03_0300-aLIHC-19,AT06|3000_HU03|Pani00|19
ME06_3000_03_0300-aLIHC-20,AT06|3000_HU03|Pani00|20
ME06_3000_03_0300-aLIHC-21,AT06|3000_HU03|Pani00|21
ME06_3000_03_0300-aLIHC-22,AT06|3000_HU03|Pani00|22
ME06_3000_03_0300-aLIHC-23,AT06|3000_HU03|Pani00|23
ME06_3000_03_0300-aLIHC-24,AT06|3000_HU03|Pani00|24
ME06_3000_03_0300-aLIHC-25,AT06|3000_HU03|Pani00|25
ME06_3000_03_0300-aLIHC-26,AT06|3000_HU03|Pani00|26
ME06_3000_03_0300-aLIHC-27,AT06|3000_HU03|Pani00|27
ME06_3000_03_0300-aLIHC-28,AT06|3000_HU03|Pani00|28
ME06_3000_03_0300-aLIHC-29,AT06|3000_HU03|Pani00|29
ME06_3000_03_0300-aLIHC-30,AT06|3000_HU03|Pani00|30
ME06_3000_03_0301-aLIHC-01,AT06|3000_HU03|Pani01|01
ME06_3000_03_0301-aLIHC-02,AT06|3000_HU03|Pani01|02
ME06_3000_03_0301-aLIHC-03,AT06|3000_HU03|Pani01|03
ME06_3000_03_0301-aLIHC-04,AT06|3000_HU03|Pani01|04
ME06_3000_03_0301-aLIHC-05,AT06|3000_HU03|Pani01|05
ME06_3000_03_0301-aLIHC-06,AT06|3000_HU03|Pani01|06
ME06_3000_03_0301-aLIHC-07,AT06|3000_HU03|Pani01|07
ME06_3000_03_0301-aLIHC-08,AT06|3000_HU03|Pani01|08
ME06_3000_03_0301-aLIHC-09,AT06|3000_HU03|Pani01|09
ME06_3000_03_0301-aLIHC-10,AT06|3000_HU03|Pani01|10
ME06_3000_03_0301-aLIHC-11,AT06|3000_HU03|Pani01|11
ME06_3000_03_0301-aLIHC-12,AT06|3000_HU03|Pani01|12
ME06_3000_03_0301-aLIHC-13,AT06|3000_HU03|Pani01|13
ME06_3000_03_0301-aLIHC-14,AT06|3000_HU03|Pani01|14
ME06_3000_03_0301-aLIHC-15,AT06|3000_HU03|Pani01|15
ME06_3000_03_0301-aLIHC-16,AT06|3000_HU03|Pani01|16
ME06_3000_03_0301-aLIHC-17,AT06|3000_HU03|Pani01|17
ME06_3000_03_0301-aLIHC-18,AT06|3000_HU03|Pani01|18
ME06_3000_03_0301-aLIHC-19,AT06|3000_HU03|Pani01|19
ME06_3000_03_0301-aLIHC-20,AT06|3000_HU03|Pani01|20
ME06_3000_03_0301-aLIHC-21,AT06|3000_HU03|Pani01|21
ME06_3000_03_0301-aLIHC-22,AT06|3000_HU03|Pani01|22
ME06_3000_03_0301-aLIHC-23,AT06|3000_HU03|Pani01|23
ME06_3000_03_0301-aLIHC-24,AT06|3000_HU03|Pani01|24
ME06_3000_03_0301-aLIHC-25,AT06|3000_HU03|Pani01|25
ME06_3000_03_0301-aLIHC-26,AT06|3000_HU03|Pani01|26
ME06_3000_03_0301-aLIHC-27,AT06|3000_HU03|Pani01|27
ME06_3000_03_0301-aLIHC-28,AT06|3000_HU03|Pani01|28
ME06_3000_03_0301-aLIHC-29,AT06|3000_HU03|Pani01|29
ME06_3000_03_0301-aLIHC-30,AT06|3000_HU03|Pani01|30
MT06_3000_03_0200-aLIHC-01,AT06|3000_HU03|Dato00|01
MT06_3000_03_0200-aLIHC-02,AT06|3000_HU03|Dato00|02
MT06_3000_03_0200-aLIHC-03,AT06|3000_HU03|Dato00|03
MT06_3000_03_0200-aLIHC-04,AT06|3000_HU03|Dato00|04
MT06_3000_03_0200-aLIHC-05,AT06|3000_HU03|Dato00|05
MT06_3000_03_0200-aLIHC-06,AT06|3000_HU03|Dato00|06
MT06_3000_03_0200-aLIHC-07,AT06|3000_HU03|Dato00|07
MT06_3000_03_0200-aLIHC-08,AT06|3000_HU03|Dato00|08
MT06_3000_03_0200-aLIHC-09,AT06|3000_HU03|Dato00|09
MT06_3000_03_0200-aLIHC-10,AT06|3000_HU03|Dato00|10
MT06_3000_03_0200-aLIHC-11,AT06|3000_HU03|Dato00|11
MT06_3000_03_0200-aLIHC-12,AT06|3000_HU03|Dato00|12
MT06_3000_03_0200-aLIHC-13,AT06|3000_HU03|Dato00|13
MT06_3000_03_0200-aLIHC-14,AT06|3000_HU03|Dato00|14
MT06_3000_03_0200-aLIHC-15,AT06|3000_HU03|Dato00|15
MT06_3000_03_0200-aLIHC-16,AT06|3000_HU03|Dato00|16
MT06_3000_03_0200-aLIHC-17,AT06|3000_HU03|Dato00|17
MT06_3000_03_0200-aLIHC-18,AT06|3000_HU03|Dato00|18
MT06_3000_03_0200-aLIHC-19,AT06|3000_HU03|Dato00|19
MT06_3000_03_0200-aLIHC-20,AT06|3000_HU03|Dato00|20
MT06_3000_03_0200-aLIHC-21,AT06|3000_HU03|Dato00|21
MT06_3000_03_0200-aLIHC-22,AT06|3000_HU03|Dato00|22
MT06_3000_03_0200-aLIHC-23,AT06|3000_HU03|Dato00|23
MT06_3000_03_0200-aLIHC-24,AT06|3000_HU03|Dato00|24
MT06_3000_03_0200-aLIHC-25,AT06|3000_HU03|Dato00|25
MT06_3000_03_0200-aLIHC-26,AT06|3000_HU03|Dato00|26
MT06_3000_03_0200-aLIHC-27,AT06|3000_HU03|Dato00|27
MT06_3000_03_0200-aLIHC-28,AT06|3000_HU03|Dato00|28
MT06_3000_03_0200-aLIHC-29,AT06|3000_HU03|Dato00|29
MT06_3000_03_0200-aLIHC-30,AT06|3000_HU03|Dato00|30
MT06_3000_03_0400-aLIHC-01,AT06|3000_HU03|Saci00|01
MT06_3000_03_0400-aLIHC-02,AT06|3000_HU03|Saci00|02
MT06_3000_03_0400-aLIHC-03,AT06|3000_HU03|Saci00|03
MT06_3000_03_0400-aLIHC-04,AT06|3000_HU03|Saci00|04
MT06_3000_03_0400-aLIHC-05,AT06|3000_HU03|Saci00|05
MT06_3000_03_0400-aLIHC-06,AT06|3000_HU03|Saci00|06
MT06_3000_03_0400-aLIHC-07,AT06|3000_HU03|Saci00|07
MT06_3000_03_0400-aLIHC-08,AT06|3000_HU03|Saci00|08
MT06_3000_03_0400-aLIHC-09,AT06|3000_HU03|Saci00|09
MT06_3000_03_0400-aLIHC-10,AT06|3000_HU03|Saci00|10
MT06_3000_03_0400-aLIHC-11,AT06|3000_HU03|Saci00|11
MT06_3000_03_0400-aLIHC-12,AT06|3000_HU03|Saci00|12
MT06_3000_03_0400-aLIHC-13,AT06|3000_HU03|Saci00|13
MT06_3000_03_0400-aLIHC-14,AT06|3000_HU03|Saci00|14
MT06_3000_03_0400-aLIHC-15,AT06|3000_HU03|Saci00|15
MT06_3000_03_0400-aLIHC-16,AT06|3000_HU03|Saci00|16
MT06_3000_03_0400-aLIHC-17,AT06|3000_HU03|Saci00|17
MT06_3000_03_0400-aLIHC-18,AT06|3000_HU03|Saci00|18
MT06_3000_03_0400-aLIHC-19,AT06|3000_HU03|Saci00|19
MT06_3000_03_0400-aLIHC-20,AT06|3000_HU03|Saci00|20
MT06_3000_03_0400-aLIHC-21,AT06|3000_HU03|Saci00|21
MT06_3000_03_0400-aLIHC-22,AT06|3000_HU03|Saci00|22
MT06_3000_03_0400-aLIHC-23,AT06|3000_HU03|Saci00|23
MT06_3000_03_0400-aLIHC-24,AT06|3000_HU03|Saci00|24
MT06_3000_03_0400-aLIHC-25,AT06|3000_HU03|Saci00|25
MT06_3000_03_0400-aLIHC-26,AT06|3000_HU03|Saci00|26
MT06_3000_03_0400-aLIHC-27,AT06|3000_HU03|Saci00|27
MT06_3000_03_0400-aLIHC-28,AT06|3000_HU03|Saci00|28
MT06_3000_03_0400-aLIHC-29,AT06|3000_HU03|Saci00|29
MT06_3000_03_0400-aLIHC-30,AT06|3000_HU03|Saci00|30
MT06_3000_03_0401-aLIHC-01,AT06|3000_HU03|Saci01|01
MT06_3000_03_0401-aLIHC-02,AT06|3000_HU03|Saci01|02
MT06_3000_03_0401-aLIHC-03,AT06|3000_HU03|Saci01|03
MT06_3000_03_0401-aLIHC-04,AT06|3000_HU03|Saci01|04
MT06_3000_03_0401-aLIHC-05,AT06|3000_HU03|Saci01|05
MT06_3000_03_0401-aLIHC-06,AT06|3000_HU03|Saci01|06
MT06_3000_03_0401-aLIHC-07,AT06|3000_HU03|Saci01|07
MT06_3000_03_0401-aLIHC-08,AT06|3000_HU03|Saci01|08
MT06_3000_03_0401-aLIHC-09,AT06|3000_HU03|Saci01|09
MT06_3000_03_0401-aLIHC-10,AT06|3000_HU03|Saci01|10
MT06_3000_03_0401-aLIHC-11,AT06|3000_HU03|Saci01|11
MT06_3000_03_0401-aLIHC-12,AT06|3000_HU03|Saci01|12
MT06_3000_03_0401-aLIHC-13,AT06|3000_HU03|Saci01|13
MT06_3000_03_0401-aLIHC-14,AT06|3000_HU03|Saci01|14
MT06_3000_03_0401-aLIHC-15,AT06|3000_HU03|Saci01|15
MT06_3000_03_0401-aLIHC-16,AT06|3000_HU03|Saci01|16
MT06_3000_03_0401-aLIHC-17,AT06|3000_HU03|Saci01|17
MT06_3000_03_0401-aLIHC-18,AT06|3000_HU03|Saci01|18
MT06_3000_03_0401-aLIHC-19,AT06|3000_HU03|Saci01|19
MT06_3000_03_0401-aLIHC-20,AT06|3000_HU03|Saci01|20
MT06_3000_03_0401-aLIHC-21,AT06|3000_HU03|Saci01|21
MT06_3000_03_0401-aLIHC-22,AT06|3000_HU03|Saci01|22
MT06_3000_03_0401-aLIHC-23,AT06|3000_HU03|Saci01|23
MT06_3000_03_0401-aLIHC-24,AT06|3000_HU03|Saci01|24
MT06_3000_03_0401-aLIHC-25,AT06|3000_HU03|Saci01|25
MT06_3000_03_0401-aLIHC-26,AT06|3000_HU03|Saci01|26
MT06_3000_03_0401-aLIHC-27,AT06|3000_HU03|Saci01|27
MT06_3000_03_0401-aLIHC-28,AT06|3000_HU03|Saci01|28
MT06_3000_03_0401-aLIHC-29,AT06|3000_HU03|Saci01|29
MT06_3000_03_0401-aLIHC-30,AT06|3000_HU03|Saci01|30
ME07_3000_03_0100-aLILC-01,AT07|3000_HU03|Cetu00|01
ME07_3000_03_0100-aLILC-02,AT07|3000_HU03|Cetu00|02
ME07_3000_03_0100-aLILC-03,AT07|3000_HU03|Cetu00|03
ME07_3000_03_0100-aLILC-04,AT07|3000_HU03|Cetu00|04
ME07_3000_03_0100-aLILC-05,AT07|3000_HU03|Cetu00|05
ME07_3000_03_0100-aLILC-06,AT07|3000_HU03|Cetu00|06
ME07_3000_03_0100-aLILC-07,AT07|3000_HU03|Cetu00|07
ME07_3000_03_0100-aLILC-08,AT07|3000_HU03|Cetu00|08
ME07_3000_03_0100-aLILC-09,AT07|3000_HU03|Cetu00|09
ME07_3000_03_0100-aLILC-10,AT07|3000_HU03|Cetu00|10
ME07_3000_03_0100-aLILC-11,AT07|3000_HU03|Cetu00|11
ME07_3000_03_0100-aLILC-12,AT07|3000_HU03|Cetu00|12
ME07_3000_03_0100-aLILC-13,AT07|3000_HU03|Cetu00|13
ME07_3000_03_0100-aLILC-14,AT07|3000_HU03|Cetu00|14
ME07_3000_03_0100-aLILC-15,AT07|3000_HU03|Cetu00|15
ME07_3000_03_0100-aLILC-16,AT07|3000_HU03|Cetu00|16
ME07_3000_03_0100-aLILC-17,AT07|3000_HU03|Cetu00|17
ME07_3000_03_0100-aLILC-18,AT07|3000_HU03|Cetu00|18
ME07_3000_03_0100-aLILC-19,AT07|3000_HU03|Cetu00|19
ME07_3000_03_0100-aLILC-20,AT07|3000_HU03|Cetu00|20
ME07_3000_03_0100-aLILC-21,AT07|3000_HU03|Cetu00|21
ME07_3000_03_0100-aLILC-22,AT07|3000_HU03|Cetu00|22
ME07_3000_03_0100-aLILC-23,AT07|3000_HU03|Cetu00|23
ME07_3000_03_0100-aLILC-24,AT07|3000_HU03|Cetu00|24
ME07_3000_03_0100-aLILC-25,AT07|3000_HU03|Cetu00|25
ME07_3000_03_0100-aLILC-26,AT07|3000_HU03|Cetu00|26
ME07_3000_03_0100-aLILC-27,AT07|3000_HU03|Cetu00|27
ME07_3000_03_0100-aLILC-28,AT07|3000_HU03|Cetu00|28
ME07_3000_03_0100-aLILC-29,AT07|3000_HU03|Cetu00|29
ME07_3000_03_0100-aLILC-30,AT07|3000_HU03|Cetu00|30
ME07_3000_03_0101-aLILC-01,AT07|3000_HU03|Cetu01|01
ME07_3000_03_0101-aLILC-02,AT07|3000_HU03|Cetu01|02
ME07_3000_03_0101-aLILC-03,AT07|3000_HU03|Cetu01|03
ME07_3000_03_0101-aLILC-04,AT07|3000_HU03|Cetu01|04
ME07_3000_03_0101-aLILC-05,AT07|3000_HU03|Cetu01|05
ME07_3000_03_0101-aLILC-06,AT07|3000_HU03|Cetu01|06
ME07_3000_03_0101-aLILC-07,AT07|3000_HU03|Cetu01|07
ME07_3000_03_0101-aLILC-08,AT07|3000_HU03|Cetu01|08
ME07_3000_03_0101-aLILC-09,AT07|3000_HU03|Cetu01|09
ME07_3000_03_0101-aLILC-10,AT07|3000_HU03|Cetu01|10
ME07_3000_03_0101-aLILC-11,AT07|3000_HU03|Cetu01|11
ME07_3000_03_0101-aLILC-12,AT07|3000_HU03|Cetu01|12
ME07_3000_03_0101-aLILC-13,AT07|3000_HU03|Cetu01|13
ME07_3000_03_0101-aLILC-14,AT07|3000_HU03|Cetu01|14
ME07_3000_03_0101-aLILC-15,AT07|3000_HU03|Cetu01|15
ME07_3000_03_0101-aLILC-16,AT07|3000_HU03|Cetu01|16
ME07_3000_03_0101-aLILC-17,AT07|3000_HU03|Cetu01|17
ME07_3000_03_0101-aLILC-18,AT07|3000_HU03|Cetu01|18
ME07_3000_03_0101-aLILC-19,AT07|3000_HU03|Cetu01|19
ME07_3000_03_0101-aLILC-20,AT07|3000_HU03|Cetu01|20
ME07_3000_03_0101-aLILC-21,AT07|3000_HU03|Cetu01|21
ME07_3000_03_0101-aLILC-22,AT07|3000_HU03|Cetu01|22
ME07_3000_03_0101-aLILC-23,AT07|3000_HU03|Cetu01|23
ME07_3000_03_0101-aLILC-24,AT07|3000_HU03|Cetu01|24
ME07_3000_03_0101-aLILC-25,AT07|3000_HU03|Cetu01|25
ME07_3000_03_0101-aLILC-26,AT07|3000_HU03|Cetu01|26
ME07_3000_03_0101-aLILC-27,AT07|3000_HU03|Cetu01|27
ME07_3000_03_0101-aLILC-28,AT07|3000_HU03|Cetu01|28
ME07_3000_03_0101-aLILC-29,AT07|3000_HU03|Cetu01|29
ME07_3000_03_0101-aLILC-30,AT07|3000_HU03|Cetu01|30
ME07_3000_03_0300-aLILC-01,AT07|3000_HU03|Pani00|01
ME07_3000_03_0300-aLILC-02,AT07|3000_HU03|Pani00|02
ME07_3000_03_0300-aLILC-03,AT07|3000_HU03|Pani00|03
ME07_3000_03_0300-aLILC-04,AT07|3000_HU03|Pani00|04
ME07_3000_03_0300-aLILC-05,AT07|3000_HU03|Pani00|05
ME07_3000_03_0300-aLILC-06,AT07|3000_HU03|Pani00|06
ME07_3000_03_0300-aLILC-07,AT07|3000_HU03|Pani00|07
ME07_3000_03_0300-aLILC-08,AT07|3000_HU03|Pani00|08
ME07_3000_03_0300-aLILC-09,AT07|3000_HU03|Pani00|09
ME07_3000_03_0300-aLILC-10,AT07|3000_HU03|Pani00|10
ME07_3000_03_0300-aLILC-11,AT07|3000_HU03|Pani00|11
ME07_3000_03_0300-aLILC-12,AT07|3000_HU03|Pani00|12
ME07_3000_03_0300-aLILC-13,AT07|3000_HU03|Pani00|13
ME07_3000_03_0300-aLILC-14,AT07|3000_HU03|Pani00|14
ME07_3000_03_0300-aLILC-15,AT07|3000_HU03|Pani00|15
ME07_3000_03_0300-aLILC-16,AT07|3000_HU03|Pani00|16
ME07_3000_03_0300-aLILC-17,AT07|3000_HU03|Pani00|17
ME07_3000_03_0300-aLILC-18,AT07|3000_HU03|Pani00|18
ME07_3000_03_0300-aLILC-19,AT07|3000_HU03|Pani00|19
ME07_3000_03_0300-aLILC-20,AT07|3000_HU03|Pani00|20
ME07_3000_03_0300-aLILC-21,AT07|3000_HU03|Pani00|21
ME07_3000_03_0300-aLILC-22,AT07|3000_HU03|Pani00|22
ME07_3000_03_0300-aLILC-23,AT07|3000_HU03|Pani00|23
ME07_3000_03_0300-aLILC-24,AT07|3000_HU03|Pani00|24
ME07_3000_03_0300-aLILC-25,AT07|3000_HU03|Pani00|25
ME07_3000_03_0300-aLILC-26,AT07|3000_HU03|Pani00|26
ME07_3000_03_0300-aLILC-27,AT07|3000_HU03|Pani00|27
ME07_3000_03_0300-aLILC-28,AT07|3000_HU03|Pani00|28
ME07_3000_03_0300-aLILC-29,AT07|3000_HU03|Pani00|29
ME07_3000_03_0300-aLILC-30,AT07|3000_HU03|Pani00|30
ME07_3000_03_0301-aLILC-01,AT07|3000_HU03|Pani01|01
ME07_3000_03_0301-aLILC-02,AT07|3000_HU03|Pani01|02
ME07_3000_03_0301-aLILC-03,AT07|3000_HU03|Pani01|03
ME07_3000_03_0301-aLILC-04,AT07|3000_HU03|Pani01|04
ME07_3000_03_0301-aLILC-05,AT07|3000_HU03|Pani01|05
ME07_3000_03_0301-aLILC-06,AT07|3000_HU03|Pani01|06
ME07_3000_03_0301-aLILC-07,AT07|3000_HU03|Pani01|07
ME07_3000_03_0301-aLILC-08,AT07|3000_HU03|Pani01|08
ME07_3000_03_0301-aLILC-09,AT07|3000_HU03|Pani01|09
ME07_3000_03_0301-aLILC-10,AT07|3000_HU03|Pani01|10
ME07_3000_03_0301-aLILC-11,AT07|3000_HU03|Pani01|11
ME07_3000_03_0301-aLILC-12,AT07|3000_HU03|Pani01|12
ME07_3000_03_0301-aLILC-13,AT07|3000_HU03|Pani01|13
ME07_3000_03_0301-aLILC-14,AT07|3000_HU03|Pani01|14
ME07_3000_03_0301-aLILC-15,AT07|3000_HU03|Pani01|15
ME07_3000_03_0301-aLILC-16,AT07|3000_HU03|Pani01|16
ME07_3000_03_0301-aLILC-17,AT07|3000_HU03|Pani01|17
ME07_3000_03_0301-aLILC-18,AT07|3000_HU03|Pani01|18
ME07_3000_03_0301-aLILC-19,AT07|3000_HU03|Pani01|19
ME07_3000_03_0301-aLILC-20,AT07|3000_HU03|Pani01|20
ME07_3000_03_0301-aLILC-21,AT07|3000_HU03|Pani01|21
ME07_3000_03_0301-aLILC-22,AT07|3000_HU03|Pani01|22
ME07_3000_03_0301-aLILC-23,AT07|3000_HU03|Pani01|23
ME07_3000_03_0301-aLILC-24,AT07|3000_HU03|Pani01|24
ME07_3000_03_0301-aLILC-25,AT07|3000_HU03|Pani01|25
ME07_3000_03_0301-aLILC-26,AT07|3000_HU03|Pani01|26
ME07_3000_03_0301-aLILC-27,AT07|3000_HU03|Pani01|27
ME07_3000_03_0301-aLILC-28,AT07|3000_HU03|Pani01|28
ME07_3000_03_0301-aLILC-29,AT07|3000_HU03|Pani01|29
ME07_3000_03_0301-aLILC-30,AT07|3000_HU03|Pani01|30
MT07_3000_03_0200-aLILC-01,AT07|3000_HU03|Dato00|01
MT07_3000_03_0200-aLILC-02,AT07|3000_HU03|Dato00|02
MT07_3000_03_0200-aLILC-03,AT07|3000_HU03|Dato00|03
MT07_3000_03_0200-aLILC-04,AT07|3000_HU03|Dato00|04
MT07_3000_03_0200-aLILC-05,AT07|3000_HU03|Dato00|05
MT07_3000_03_0200-aLILC-06,AT07|3000_HU03|Dato00|06
MT07_3000_03_0200-aLILC-07,AT07|3000_HU03|Dato00|07
MT07_3000_03_0200-aLILC-08,AT07|3000_HU03|Dato00|08
MT07_3000_03_0200-aLILC-09,AT07|3000_HU03|Dato00|09
MT07_3000_03_0200-aLILC-10,AT07|3000_HU03|Dato00|10
MT07_3000_03_0200-aLILC-11,AT07|3000_HU03|Dato00|11
MT07_3000_03_0200-aLILC-12,AT07|3000_HU03|Dato00|12
MT07_3000_03_0200-aLILC-13,AT07|3000_HU03|Dato00|13
MT07_3000_03_0200-aLILC-14,AT07|3000_HU03|Dato00|14
MT07_3000_03_0200-aLILC-15,AT07|3000_HU03|Dato00|15
MT07_3000_03_0200-aLILC-16,AT07|3000_HU03|Dato00|16
MT07_3000_03_0200-aLILC-17,AT07|3000_HU03|Dato00|17
MT07_3000_03_0200-aLILC-18,AT07|3000_HU03|Dato00|18
MT07_3000_03_0200-aLILC-19,AT07|3000_HU03|Dato00|19
MT07_3000_03_0200-aLILC-20,AT07|3000_HU03|Dato00|20
MT07_3000_03_0200-aLILC-21,AT07|3000_HU03|Dato00|21
MT07_3000_03_0200-aLILC-22,AT07|3000_HU03|Dato00|22
MT07_3000_03_0200-aLILC-23,AT07|3000_HU03|Dato00|23
MT07_3000_03_0200-aLILC-24,AT07|3000_HU03|Dato00|24
MT07_3000_03_0200-aLILC-25,AT07|3000_HU03|Dato00|25
MT07_3000_03_0200-aLILC-26,AT07|3000_HU03|Dato00|26
MT07_3000_03_0200-aLILC-27,AT07|3000_HU03|Dato00|27
MT07_3000_03_0200-aLILC-28,AT07|3000_HU03|Dato00|28
MT07_3000_03_0200-aLILC-29,AT07|3000_HU03|Dato00|29
MT07_3000_03_0200-aLILC-30,AT07|3000_HU03|Dato00|30
MT07_3000_03_0400-aLILC-01,AT07|3000_HU03|Saci00|01
MT07_3000_03_0400-aLILC-02,AT07|3000_HU03|Saci00|02
MT07_3000_03_0400-aLILC-03,AT07|3000_HU03|Saci00|03
MT07_3000_03_0400-aLILC-04,AT07|3000_HU03|Saci00|04
MT07_3000_03_0400-aLILC-05,AT07|3000_HU03|Saci00|05
MT07_3000_03_0400-aLILC-06,AT07|3000_HU03|Saci00|06
MT07_3000_03_0400-aLILC-07,AT07|3000_HU03|Saci00|07
MT07_3000_03_0400-aLILC-08,AT07|3000_HU03|Saci00|08
MT07_3000_03_0400-aLILC-09,AT07|3000_HU03|Saci00|09
MT07_3000_03_0400-aLILC-10,AT07|3000_HU03|Saci00|10
MT07_3000_03_0400-aLILC-11,AT07|3000_HU03|Saci00|11
MT07_3000_03_0400-aLILC-12,AT07|3000_HU03|Saci00|12
MT07_3000_03_0400-aLILC-13,AT07|3000_HU03|Saci00|13
MT07_3000_03_0400-aLILC-14,AT07|3000_HU03|Saci00|14
MT07_3000_03_0400-aLILC-15,AT07|3000_HU03|Saci00|15
MT07_3000_03_0400-aLILC-16,AT07|3000_HU03|Saci00|16
MT07_3000_03_0400-aLILC-17,AT07|3000_HU03|Saci00|17
MT07_3000_03_0400-aLILC-18,AT07|3000_HU03|Saci00|18
MT07_3000_03_0400-aLILC-19,AT07|3000_HU03|Saci00|19
MT07_3000_03_0400-aLILC-20,AT07|3000_HU03|Saci00|20
MT07_3000_03_0400-aLILC-21,AT07|3000_HU03|Saci00|21
MT07_3000_03_0400-aLILC-22,AT07|3000_HU03|Saci00|22
MT07_3000_03_0400-aLILC-23,AT07|3000_HU03|Saci00|23
MT07_3000_03_0400-aLILC-24,AT07|3000_HU03|Saci00|24
MT07_3000_03_0400-aLILC-25,AT07|3000_HU03|Saci00|25
MT07_3000_03_0400-aLILC-26,AT07|3000_HU03|Saci00|26
MT07_3000_03_0400-aLILC-27,AT07|3000_HU03|Saci00|27
MT07_3000_03_0400-aLILC-28,AT07|3000_HU03|Saci00|28
MT07_3000_03_0400-aLILC-29,AT07|3000_HU03|Saci00|29
MT07_3000_03_0400-aLILC-30,AT07|3000_HU03|Saci00|30
MT07_3000_03_0401-aLILC-01,AT07|3000_HU03|Saci01|01
MT07_3000_03_0401-aLILC-02,AT07|3000_HU03|Saci01|02
MT07_3000_03_0401-aLILC-03,AT07|3000_HU03|Saci01|03
MT07_3000_03_0401-aLILC-04,AT07|3000_HU03|Saci01|04
MT07_3000_03_0401-aLILC-05,AT07|3000_HU03|Saci01|05
MT07_3000_03_0401-aLILC-06,AT07|3000_HU03|Saci01|06
MT07_3000_03_0401-aLILC-07,AT07|3000_HU03|Saci01|07
MT07_3000_03_0401-aLILC-08,AT07|3000_HU03|Saci01|08
MT07_3000_03_0401-aLILC-09,AT07|3000_HU03|Saci01|09
MT07_3000_03_0401-aLILC-10,AT07|3000_HU03|Saci01|10
MT07_3000_03_0401-aLILC-11,AT07|3000_HU03|Saci01|11
MT07_3000_03_0401-aLILC-12,AT07|3000_HU03|Saci01|12
MT07_3000_03_0401-aLILC-13,AT07|3000_HU03|Saci01|13
MT07_3000_03_0401-aLILC-14,AT07|3000_HU03|Saci01|14
MT07_3000_03_0401-aLILC-15,AT07|3000_HU03|Saci01|15
MT07_3000_03_0401-aLILC-16,AT07|3000_HU03|Saci01|16
MT07_3000_03_0401-aLILC-17,AT07|3000_HU03|Saci01|17
MT07_3000_03_0401-aLILC-18,AT07|3000_HU03|Saci01|18
MT07_3000_03_0401-aLILC-19,AT07|3000_HU03|Saci01|19
MT07_3000_03_0401-aLILC-20,AT07|3000_HU03|Saci01|20
MT07_3000_03_0401-aLILC-21,AT07|3000_HU03|Saci01|21
MT07_3000_03_0401-aLILC-22,AT07|3000_HU03|Saci01|22
MT07_3000_03_0401-aLILC-23,AT07|3000_HU03|Saci01|23
MT07_3000_03_0401-aLILC-24,AT07|3000_HU03|Saci01|24
MT07_3000_03_0401-aLILC-25,AT07|3000_HU03|Saci01|25
MT07_3000_03_0401-aLILC-26,AT07|3000_HU03|Saci01|26
MT07_3000_03_0401-aLILC-27,AT07|3000_HU03|Saci01|27
MT07_3000_03_0401-aLILC-28,AT07|3000_HU03|Saci01|28
MT07_3000_03_0401-aLILC-29,AT07|3000_HU03|Saci01|29
MT07_3000_03_0401-aLILC-30,AT07|3000_HU03|Saci01|30
ME08-3000_03-0300-bM01L1HC,AT08|3000_HU03|Pani00-m01|L1
ME08-3000_03-0300-bM02L1HC,AT08|3000_HU03|Pani00-m02|L1
ME08-3000_03-0300-bM03L1HC,AT08|3000_HU03|Pani00-m03|L1
ME08-3000_03-0300-bM04L1HC,AT08|3000_HU03|Pani00-m04|L1
ME08-3000_03-0300-bM05L1HC,AT08|3000_HU03|Pani00-m05|L1
ME08-3000_03-0300-bM01L2HC,AT08|3000_HU03|Pani00-m01|L2
ME08-3000_03-0300-bM02L2HC,AT08|3000_HU03|Pani00-m02|L2
ME08-3000_03-0300-bM03L2HC,AT08|3000_HU03|Pani00-m03|L2
ME08-3000_03-0300-bM04L2HC,AT08|3000_HU03|Pani00-m04|L2
ME08-3000_03-0300-bM05L2HC,AT08|3000_HU03|Pani00-m05|L2
ME08-3000_03-0300-bM01L3HC,AT08|3000_HU03|Pani00-m01|L3
ME08-3000_03-0300-bM02L3HC,AT08|3000_HU03|Pani00-m02|L3
ME08-3000_03-0300-bM03L3HC,AT08|3000_HU03|Pani00-m03|L3
ME08-3000_03-0300-bM04L3HC,AT08|3000_HU03|Pani00-m04|L3
ME08-3000_03-0300-bM05L3HC,AT08|3000_HU03|Pani00-m05|L3
ME08-3000_03-0300-bM06L1HC,AT08|3000_HU03|Pani00-m06|L1
ME08-3000_03-0300-bM07L1HC,AT08|3000_HU03|Pani00-m07|L1
ME08-3000_03-0300-bM08L1HC,AT08|3000_HU03|Pani00-m08|L1
ME08-3000_03-0300-bM09L1HC,AT08|3000_HU03|Pani00-m09|L1
ME08-3000_03-0300-bM10L1HC,AT08|3000_HU03|Pani00-m10|L1
ME08-3000_03-0300-bM06L2HC,AT08|3000_HU03|Pani00-m06|L2
ME08-3000_03-0300-bM07L2HC,AT08|3000_HU03|Pani00-m07|L2
ME08-3000_03-0300-bM08L2HC,AT08|3000_HU03|Pani00-m08|L2
ME08-3000_03-0300-bM09L2HC,AT08|3000_HU03|Pani00-m09|L2
ME08-3000_03-0300-bM10L2HC,AT08|3000_HU03|Pani00-m10|L2
ME08-3000_03-0300-bM06L3HC,AT08|3000_HU03|Pani00-m06|L3
ME08-3000_03-0300-bM07L3HC,AT08|3000_HU03|Pani00-m07|L3
ME08-3000_03-0300-bM08L3HC,AT08|3000_HU03|Pani00-m08|L3
ME08-3000_03-0300-bM09L3HC,AT08|3000_HU03|Pani00-m09|L3
ME08-3000_03-0300-bM10L3HC,AT08|3000_HU03|Pani00-m10|L3
ME09-3000_03-0300-bM01L1LC,AT09|3000_HU03|Pani00-m01|L1
ME09-3000_03-0300-bM02L1LC,AT09|3000_HU03|Pani00-m02|L1
ME09-3000_03-0300-bM03L1LC,AT09|3000_HU03|Pani00-m03|L1
ME09-3000_03-0300-bM04L1LC,AT09|3000_HU03|Pani00-m04|L1
ME09-3000_03-0300-bM05L1LC,AT09|3000_HU03|Pani00-m05|L1
ME09-3000_03-0300-bM01L2LC,AT09|3000_HU03|Pani00-m01|L2
ME09-3000_03-0300-bM02L2LC,AT09|3000_HU03|Pani00-m02|L2
ME09-3000_03-0300-bM03L2LC,AT09|3000_HU03|Pani00-m03|L2
ME09-3000_03-0300-bM04L2LC,AT09|3000_HU03|Pani00-m04|L2
ME09-3000_03-0300-bM05L2LC,AT09|3000_HU03|Pani00-m05|L2
ME09-3000_03-0300-bM01L3LC,AT09|3000_HU03|Pani00-m01|L3
ME09-3000_03-0300-bM02L3LC,AT09|3000_HU03|Pani00-m02|L3
ME09-3000_03-0300-bM03L3LC,AT09|3000_HU03|Pani00-m03|L3
ME09-3000_03-0300-bM04L3LC,AT09|3000_HU03|Pani00-m04|L3
ME09-3000_03-0300-bM05L3LC,AT09|3000_HU03|Pani00-m05|L3
ME09-3000_03-0300-bM06L1LC,AT09|3000_HU03|Pani00-m06|L1
ME09-3000_03-0300-bM07L1LC,AT09|3000_HU03|Pani00-m07|L1
ME09-3000_03-0300-bM08L1LC,AT09|3000_HU03|Pani00-m08|L1
ME09-3000_03-0300-bM09L1LC,AT09|3000_HU03|Pani00-m09|L1
ME09-3000_03-0300-bM10L1LC,AT09|3000_HU03|Pani00-m10|L1
ME09-3000_03-0300-bM06L2LC,AT09|3000_HU03|Pani00-m06|L2
ME09-3000_03-0300-bM07L2LC,AT09|3000_HU03|Pani00-m07|L2
ME09-3000_03-0300-bM08L2LC,AT09|3000_HU03|Pani00-m08|L2
ME09-3000_03-0300-bM09L2LC,AT09|3000_HU03|Pani00-m09|L2
ME09-3000_03-0300-bM10L2LC,AT09|3000_HU03|Pani00-m10|L2
ME09-3000_03-0300-bM06L3LC,AT09|3000_HU03|Pani00-m06|L3
ME09-3000_03-0300-bM07L3LC,AT09|3000_HU03|Pani00-m07|L3
ME09-3000_03-0300-bM08L3LC,AT09|3000_HU03|Pani00-m08|L3
ME09-3000_03-0300-bM09L3LC,AT09|3000_HU03|Pani00-m09|L3
ME09-3000_03-0300-bM10L3LC,AT09|3000_HU03|Pani00-m10|L3
SAEX0300-M01,AT00|Pani00-m01
SAEX0300-M02,AT00|Pani00-m02
SAEX0300-M03,AT00|Pani00-m03
SAEX0300-M04,AT00|Pani00-m04
SAEX0300-M05,AT00|Pani00-m05
SAEX0300-M06,AT00|Pani00-m06
SAEX0300-M07,AT00|Pani00-m07
SAEX0300-M08,AT00|Pani00-m08
SAEX0300-M09,AT00|Pani00-m09
SAEX0300-M10,AT00|Pani00-m10
S4C_15-A06-LC_C40Y/HC_A137D,S4C_15-A06-LC_C40Y/HC_A137D
S4C_15-A06-LC_C40Y,S4C_15-A06-LC_C40Y
S4C_15-A06-HC_A137D,S4C_15-A06-HC_A137D
3000Hu3,AT00|3000_HU03
1431Hu8,AT00|1431_HU08
2nd only,AT00|2nd_Only
3000hu3,AT00|3000_HU03
1431hu8,AT00|1431_HU08
2nd Ab only,AT00|2nd_Only
Amivantamab,AT00|Amiv00
Cetuximab,AT00|Cetu00
Datopotamab,AT00|Dato00
GS-Cetuximab,AT00|Cetu00
GS-Cetuximab-AR,AT00|Cetu01
GS-Panitumumab,AT00|Pani00
GS-Panitumumab-AR,AT00|Pani01
Matusumab,AT00|Matu00
Nimotuzumab,AT00|Nimo00
pani wt,AT00|Pani00
Pani-AR,AT00|Pani01
Pani-WT,AT00|Pani00
Panitumumab,AT00|Pani00
PRO5,AT00|PRO5
Sacituzumab,AT00|Saci00
SAEX0100,AT00|Cetu00
SAEX0100_Mouse IgG2a,AT00|Cetu00_Mu_IgG2a
SAEX0101,AT00|Cetu01
SAEX0101_Mouse IgG2a,AT00|Cetu01_Mu_IgG2a
SAEX0200_Mouse IgG2a,AT00|Dato00_Mu_IgG2a
SAEX0300,AT00|Pani00
SAEX0300_Mouse IgG2a,AT00|Pani00_Mu_IgG2a
SAEX0301,AT00|Pani01
SAEX0301_Mouse IgG2a,AT00|Pani01_Mu_IgG2a
SAEX0400,AT00|Saci00
SAEX0400_Mouse IgG2a,AT00|Saci00_Mu_IgG2a
SAEX0401,AT00|Saci01
SAEX0401_Mouse IgG2a,AT00|Saci01_Mu_IgG2a
SAEX0500_Mouse IgG2a,AT00|Nimo00_Mu_IgG2a
SAEX0600_Mouse IgG2a,AT00|Amiv00_Mu_IgG2a
SAEX0500,AT00|Nimo00
SAEX0600,AT00|Amiv00